"dataset","sample.id.tumor","sample.id.normal","chrom","seg","num.mark","nhet","cnlr.median","mafR","segclust","cnlr.median.clust","mafR.clust","start","end","cf.em","tcn.em","lcn.em","svtype","svlen","copy.number.simple","copy.number.category","length"
"MET500","SRR4306084","SRR4306083","17",43,412,19,4.07441012625885,12.644497593325,28,4.07441012625885,12.644497593325,37648982,38499171,0.906960529441759,33,1,NA,NA,NA,NA,850189
"MET500","SRR4306104","SRR4306103","7",19,337,14,1.80422795086486,1.5247066409504,24,1.80422795086486,NA,91779896,93555311,0.293839633025439,22,NA,NA,NA,NA,NA,1775415
"MET500","SRR4306110","SRR4306109","12",65,122,5,3.85167148363888,11.8754566683078,46,3.85167148363888,NA,66221864,67511866,0.880621716719011,29,NA,NA,NA,NA,NA,1290002
"MET500","SRR4306110","SRR4306109","12",70,117,10,3.21508155961205,10.0488424629968,45,3.2159164224793,NA,69351257,70209293,0.880621716719011,18,NA,NA,NA,NA,NA,858036
"MET500","SRR4306127","SRR4306126","17",78,350,16,3.08907873658926,7.19774202387241,40,3.08907873658926,7.19774202387241,37563848,38253679,0.604113861191005,26,1,NA,NA,NA,NA,689831
"MET500","SRR4306145","SRR4306144","2",18,95,8,4.00355377583815,34.6887088009908,74,4.00355377583815,NA,222809055,223789292,0.824853354627154,58,NA,NA,NA,NA,NA,980237
"MET500","SRR4306145","SRR4306144","4",35,32,1,2.08695029318732,19.0571944226574,73,2.08695029318732,NA,177114711,178051060,0.824853354627154,15,NA,NA,NA,NA,NA,936349
"MET500","SRR4306236","SRR4306040","12",91,613,31,2.2655867290896,3.25906913582624,70,2.27124976743391,3.25906913582624,57588127,59279656,0.811703930110381,16,2,NA,NA,NA,NA,1691529
"MET500","SRR4306236","SRR4306040","12",93,179,8,2.86404778001126,6.38161625042864,73,2.86404778001126,NA,64710319,66308859,0.811703930110381,24,NA,NA,NA,NA,NA,1598540
"MET500","SRR4306236","SRR4306040","12",96,25,5,3.08213761330035,6.13667541785331,74,3.08213761330035,NA,72665688,73046827,0.811703930110381,29,NA,NA,NA,NA,NA,381139
"MET500","SRR4306236","SRR4306040","12",99,64,3,2.13780203756791,3.18859646003053,69,2.13780203756791,NA,77151041,78225610,0.811703930110381,15,NA,NA,NA,NA,NA,1074569
"MET500","SRR4306332","SRR4306073","23",82,41,0,3.64564018004991,0,35,3.64564018004991,NA,65476281,66943830,0.708507966685679,16,NA,NA,NA,NA,NA,1467549
"MET500","SRR4306340","SRR4306076","12",56,407,35,2.76247490545087,21.5264246719832,77,2.77010494882727,21.5264246719832,208408,1996345,0.732009454501311,31,0,NA,NA,NA,NA,1787937
"MET500","SRR4306340","SRR4306076","12",58,55,5,1.8737528720488,21.8410588017001,70,1.91235037515129,NA,3916243,4553383,0.732009454501311,16,NA,NA,NA,NA,NA,637140
"MET500","SRR4306340","SRR4306076","12",60,106,21,1.72690123986237,19.3865119382913,66,1.74167598842812,19.3865119382913,4671490,5155205,0.732009454501311,15,0,NA,NA,NA,NA,483715
"MET500","SRR4306340","SRR4306076","12",62,136,8,1.74479794700719,6.66084610594002,67,1.74167598842812,NA,8073798,8930328,0.732009454501311,15,NA,NA,NA,NA,NA,856530
"MET500","SRR4306340","SRR4306076","12",64,422,38,1.93171328564955,17.9727935286466,69,1.91235037515129,15.3081164492229,9067391,10875393,0.732009454501311,17,0,NA,NA,NA,NA,1808002
"MET500","SRR4306340","SRR4306076","12",66,87,17,1.88160879748189,12.1420544665442,69,1.91235037515129,15.3081164492229,11000960,11803221,0.732009454501311,17,0,NA,NA,NA,NA,802261
"MET500","SRR4306340","SRR4306076","12",68,47,9,1.89249900853681,23.0780575047827,70,1.91235037515129,NA,14018902,14695198,0.732009454501311,17,NA,NA,NA,NA,NA,676296
"MET500","SRR4306340","SRR4306076","12",70,93,5,1.92859725769554,18.8103102209923,70,1.91235037515129,NA,15636947,16347425,0.732009454501311,17,NA,NA,NA,NA,NA,710478
"MET500","SRR4306340","SRR4306076","12",72,14,2,2.18649331969093,20.8836559789417,73,2.18649331969093,NA,17553449,18243179,0.732009454501311,21,NA,NA,NA,NA,NA,689730
"MET500","SRR4306340","SRR4306076","12",77,69,8,2.47721246125605,22.8171131922532,74,2.47721246125605,NA,30322924,30906372,0.732009454501311,25,NA,NA,NA,NA,NA,583448
"MET500","SRR4306340","SRR4306076","12",86,59,11,2.67526020232399,19.6950484366996,76,2.67526020232399,NA,48563182,48963859,0.732009454501311,29,NA,NA,NA,NA,NA,400677
"MET500","SRR4306349","SRR4306082","15",54,100,4,2.17509271807743,4.53219210922072,29,2.17808035860699,NA,99645346,100514561,0.407054356398876,20,NA,NA,NA,NA,NA,869215
"MET500","SRR4306368","SRR4306367","23",181,21,0,3.3522834802678,0,76,3.3522834802678,NA,65581272,66788983,0.80933496848951,20,NA,NA,NA,NA,NA,1207711
"MET500","SRR4306437","SRR4306436","1",2,216,31,3.19619252005537,8.30622651532169,35,3.19619252005537,8.30622651532169,111136465,112046151,0.921152076157972,33,2,NA,NA,NA,NA,909686
"MET500","SRR4306437","SRR4306436","1",4,236,21,3.15164428318741,8.00016821577341,34,3.15164428318741,8.00016821577341,119427436,120906358,0.921152076157972,32,2,NA,NA,NA,NA,1478922
"MET500","SRR4306437","SRR4306436","1",6,109,55,2.30654788669706,4.15271932840726,33,2.30654788669706,4.15271932840726,144052515,145139222,0.921152076157972,18,2,NA,NA,NA,NA,1086707
"MET500","SRR4306464","SRR4306463","12",40,557,11,1.32835828667855,1.17482837360216,36,1.33701372582877,NA,56693812,57594245,0.317770170882919,15,NA,NA,NA,NA,NA,900433
"MET500","SRR4306464","SRR4306463","12",43,80,7,1.93770371243683,2.51589834303446,40,1.93770371243683,NA,62743075,63226168,0.317770170882919,25,NA,NA,NA,NA,NA,483093
"MET500","SRR4306464","SRR4306463","15",76,134,3,2.71128295680153,6.44549958942122,42,2.71128295680153,NA,90550023,90905918,0.317770170882919,45,NA,NA,NA,NA,NA,355895
"MET500","SRR4306468","SRR4306467","1",4,461,38,1.83375534254581,6.80841664987119,67,1.83375534254581,6.80841664987119,39174642,40627278,0.709312010110401,19,1,NA,NA,NA,NA,1452636
"MET500","SRR4306468","SRR4306467","1",17,55,14,1.9581983636615,7.83456745004696,68,1.9581983636615,NA,177249462,178063917,0.709312010110401,21,NA,NA,NA,NA,NA,814455
"MET500","SRR4306509","SRR4306508","6",17,22,3,3.4087388021247,9.97051168111484,36,3.4087388021247,NA,20212358,20739731,0.262970346212024,78,NA,NA,NA,NA,NA,527373
"MET500","SRR4306537","SRR4306536","6",42,473,48,1.70005840566976,5.27033968385361,66,1.70005840566976,5.27033968385361,43466599,44922250,0.535183509132712,15,1,NA,NA,NA,NA,1455651
"MET500","SRR4306566","SRR4306565","14",55,11,5,2.80258847597645,10.0163059118253,57,2.80258847597645,NA,19110251,19498659,0.815880750925961,26,NA,NA,NA,NA,NA,388408
"MET500","SRR4306566","SRR4306565","14",60,54,3,4.19840712356191,12.8021771583223,58,4.19840712356191,NA,36942909,37344337,0.815880750925961,69,NA,NA,NA,NA,NA,401428
"MET500","SRR4306566","SRR4306565","14",62,57,6,4.25653606288731,13.9459445859341,59,4.25653606288731,NA,37892137,38725179,0.815880750925961,72,NA,NA,NA,NA,NA,833042
"MET500","SRR4306578","SRR4306577","11",46,67,0,2.82530767791303,0,19,2.82530767791303,NA,77070030,77705545,0.782431699793492,18,NA,NA,NA,NA,NA,635515
"MET500","SRR4306617","SRR4306616","8",29,146,13,1.50825206894217,3.22540961395066,47,1.50825206894217,NA,41132733,41591664,0.600311298862344,15,NA,NA,NA,NA,NA,458931
"MET500","SRR4306628","SRR4306627","7",53,103,20,3.53567535281176,9.57791722732872,63,3.53567535281176,9.57791722732872,54820038,55565554,0.843123879574824,41,2,NA,NA,NA,NA,745516
"MET500","SRR4306628","SRR4306627","7",55,187,11,3.08710968568609,6.04309250668838,61,3.08710968568609,NA,55713371,57528719,0.843123879574824,30,NA,NA,NA,NA,NA,1815348
"MET500","SRR4306628","SRR4306627","11",86,287,39,3.16904070748674,6.63661388036199,62,3.16904070748674,6.63661388036199,69456029,70830058,0.843123879574824,31,2,NA,NA,NA,NA,1374029
"MET500","SRR4306632","SRR4306631","11",109,106,11,3.31652845220142,7.56473353644316,80,3.31652845220142,NA,101636950,102401607,0.708471752631216,35,NA,NA,NA,NA,NA,764657
"MET500","SRR4306632","SRR4306631","19",157,41,0,3.12096596934795,0,79,3.12096596934795,NA,30193740,30529019,0.708471752631216,31,NA,NA,NA,NA,NA,335279
"MET500","SRR4306719","SRR4306718","6",27,221,26,1.99415852690472,5.35702038526914,42,2.00578955617185,5.19469373017102,36767635,37523230,0.465248595518575,19,1,NA,NA,NA,NA,755595
"MET500","SRR4306719","SRR4306718","6",30,203,35,2.91445915146752,9.17843230476263,46,2.91445915146752,9.17843230476263,41184897,41909433,0.465248595518575,38,1,NA,NA,NA,NA,724536
"MET500","SRR4306719","SRR4306718","6",37,56,3,2.21025208141207,5.88058637217154,43,2.21025208141207,NA,54734929,55443884,0.465248595518575,22,NA,NA,NA,NA,NA,708955
"MET500","SRR4306766","SRR4306765","3",10,27,0,2.83277721689429,0,62,2.83277721689429,NA,86996006,87373027,0.884756604028429,24,NA,NA,NA,NA,NA,377021
"MET500","SRR4306766","SRR4306765","12",63,16,1,2.47856792992227,0.0351941007469913,60,2.47856792992227,NA,63543728,64178871,0.884756604028429,19,NA,NA,NA,NA,NA,635143
"MET500","SRR4306766","SRR4306765","12",72,38,2,2.36948321784625,4.86587104631087,59,2.37498612155406,NA,67072571,68551993,0.884756604028429,18,NA,NA,NA,NA,NA,1479422
"MET500","SRR4306766","SRR4306765","12",81,67,7,2.39926373490706,3.97814928010309,59,2.37498612155406,NA,77151041,78431189,0.884756604028429,18,NA,NA,NA,NA,NA,1280148
"MET500","SRR4306766","SRR4306765","12",83,34,0,2.72790958835858,0,61,2.70760028739417,NA,79187838,80200172,0.884756604028429,23,NA,NA,NA,NA,NA,1012334
"MET500","SRR4306766","SRR4306765","12",90,16,0,3.84232723077493,0,66,3.84232723077493,NA,88890797,89745331,0.884756604028429,49,NA,NA,NA,NA,NA,854534
"MET500","SRR4306786","SRR4306785","3",7,253,28,2.26244164134861,4.36722572201854,32,2.26244164134861,4.36722572201854,138091926,139654466,0.29256195974368,37,2,NA,NA,NA,NA,1562540
"MET500","SRR4306786","SRR4306785","8",19,21,2,2.91403285602485,9.92817463350766,35,2.91403285602485,NA,128428061,129061515,0.29256195974368,60,NA,NA,NA,NA,NA,633454
"MET500","SRR4306786","SRR4306785","22",61,105,3,2.35141018493041,5.62844738776938,33,2.35141018493041,NA,24709341,25046790,0.29256195974368,39,NA,NA,NA,NA,NA,337449
"MET500","SRR4306797","SRR4306796","8",31,51,6,1.15302939466702,2.78088746029749,31,1.15302939466702,NA,102212330,102705192,0.186987044437929,21,NA,NA,NA,NA,NA,492862
"MET500","SRR4306797","SRR4306796","8",33,43,2,1.07174132082741,1.10843112220908,30,1.07242305428962,NA,108913335,109797442,0.186987044437929,19,NA,NA,NA,NA,NA,884107
"MET500","SRR4306797","SRR4306796","17",63,401,22,1.91129745538722,4.15670443461553,36,1.89837875510461,4.15670443461553,37202598,38033249,0.186987044437929,41,1,NA,NA,NA,NA,830651
"MET500","SRR4306797","SRR4306796","17",67,259,4,1.07310478775182,1.33557169578664,30,1.07242305428962,NA,57733194,58952190,0.186987044437929,19,NA,NA,NA,NA,NA,1218996
"MET500","SRR4306797","SRR4306796","20",76,255,21,1.72942655022236,2.6494593803084,35,1.72942655022236,2.6494593803084,42744330,43681858,0.186987044437929,36,3,NA,NA,NA,NA,937528
"MET500","SRR4306797","SRR4306796","20",78,186,10,1.87219501122357,3.79886755319853,37,1.89837875510461,NA,45279957,46489024,0.186987044437929,40,NA,NA,NA,NA,NA,1209067
"MET500","SRR4306797","SRR4306796","20",80,299,13,1.39451006139876,2.16159293653594,33,1.39451006139876,NA,47614811,48732188,0.186987044437929,26,NA,NA,NA,NA,NA,1117377
"MET500","SRR4306801","SRR4306800","17",60,26,1,1.71288851773926,2.45722094197082,38,1.71288851773926,NA,53397887,53828493,0.376633509202389,18,NA,NA,NA,NA,NA,430606
"MET500","SRR4306809","SRR4306808","11",50,331,24,3.20269663472889,7.84568496373965,74,3.20269663472889,7.84568496373965,32410465,34073827,0.749017191416562,39,2,NA,NA,NA,NA,1663362
"MET500","SRR4306809","SRR4306808","16",92,527,51,1.98310867516869,5.44966944154257,72,1.98310867516869,5.44966944154257,19073316,20948243,0.749017191416562,16,1,NA,NA,NA,NA,1874927
"MET500","SRR4306824","SRR4306823","17",57,637,37,2.43033468930786,7.17976721995728,33,2.43033468930786,7.17976721995728,37054884,38334604,0.232811613497353,45,0,NA,NA,NA,NA,1279720
"MET500","SRR4306828","SRR4306827","23",100,34,0,4.13383332890485,0,31,4.11575156738734,NA,65718719,66943798,0.876810262643647,19,NA,NA,NA,NA,NA,1225079
"MET500","SRR4306836","SRR4306835","12",44,198,14,2.4642981619558,5.77221424918138,38,2.4642981619558,NA,4383320,5541634,0.262601008262693,37,NA,NA,NA,NA,NA,1158314
"MET500","SRR4306855","SRR4306854","8",63,75,15,1.81349281220344,3.43904665988802,77,1.80625354659187,2.63953524012092,18793371,19694713,0.583631612945199,17,2,NA,NA,NA,NA,901342
"MET500","SRR4306855","SRR4306854","8",69,150,7,3.58928368144925,5.37773859646297,86,3.58928368144925,NA,36746065,37707265,0.583631612945199,63,NA,NA,NA,NA,NA,961200
"MET500","SRR4306855","SRR4306854","8",75,24,2,1.96642469006402,10.2995469763261,79,1.96642469006402,NA,63055795,63831146,0.583631612945199,19,NA,NA,NA,NA,NA,775351
"MET500","SRR4306855","SRR4306854","11",101,14,1,1.66374010086341,2.29135657891621,75,1.6919169816872,NA,78775698,80365074,0.583631612945199,15,NA,NA,NA,NA,NA,1589376
"MET500","SRR4306855","SRR4306854","13",119,120,14,1.83940399805082,3.75397182675659,78,1.80625354659187,NA,96293996,97640068,0.583631612945199,18,NA,NA,NA,NA,NA,1346072
"MET500","SRR4306867","SRR4306866","19",41,466,43,2.29346169200791,3.75148867677083,28,2.29346169200791,3.75148867677083,39687924,40595423,0.947070526603651,16,2,NA,NA,NA,NA,907499
"MET500","SRR4306867","SRR4306866","19",42,479,38,3.90664956318908,11.8398000342826,29,3.90664956318908,11.8398000342826,40697971,41442353,0.947070526603651,49,1,NA,NA,NA,NA,744382
"MET500","SRR4306871","SRR4306870","13",56,188,50,3.63916471937963,12.9910671142587,50,3.63916471937963,12.9910671142587,110408608,111213851,0.717619861196728,44,1,NA,NA,NA,NA,805243
"MET500","SRR4306871","SRR4306870","13",57,136,21,3.98801816340336,15.5274754198538,51,3.98801816340336,15.5274754198538,111214052,111991618,0.717619861196728,57,1,NA,NA,NA,NA,777566
"MET500","SRR4306871","SRR4306870","13",58,12,4,3.05402175919863,9.13919265968122,48,3.05402175919863,NA,111992126,112723393,0.717619861196728,29,NA,NA,NA,NA,NA,731267
"MET500","SRR4306871","SRR4306870","13",59,461,60,4.15738853790487,17.2516405353829,52,4.15738853790487,17.2516405353829,113030720,114549772,0.717619861196728,64,1,NA,NA,NA,NA,1519052
"MET500","SRR4306871","SRR4306870","19",80,85,7,2.10173807846159,3.19360847659142,46,2.10273293890242,NA,29174020,30529108,0.717619861196728,15,NA,NA,NA,NA,NA,1355088
"MET500","SRR4306871","SRR4306870","21",90,45,7,2.12137980379911,2.83080292993349,46,2.10273293890242,NA,35742750,36079700,0.717619861196728,15,NA,NA,NA,NA,NA,336950
"MET500","SRR4306883","SRR4306882","11",59,333,24,3.4588436050224,9.79731002292419,45,3.4588436050224,9.79731002292419,76996294,78781220,0.666129973408584,46,1,NA,NA,NA,NA,1784926
"MET500","SRR4306930","SRR4306929","8",14,17,0,1.62977058014787,0,29,1.62977058014787,NA,9634283,10177652,0.323833309791028,20,NA,NA,NA,NA,NA,543369
"MET500","SRR4306930","SRR4306929","8",18,141,12,1.67865736700101,3.22320746876005,30,1.67865736700101,NA,25042419,25365278,0.323833309791028,21,NA,NA,NA,NA,NA,322859
"MET500","SRR4306930","SRR4306929","8",23,13,2,1.78562923454253,3.60040551750769,32,1.76962683535556,NA,128428061,128753436,0.323833309791028,22,NA,NA,NA,NA,NA,325375
"MET500","SRR4306934","SRR4306933","11",86,137,4,2.42254829419726,8.71769854082361,72,2.44136223875328,NA,76114873,76752035,0.740545916047517,23,NA,NA,NA,NA,NA,637162
"MET500","SRR4306934","SRR4306933","11",94,167,4,2.45139231630318,7.27739280892478,72,2.44136223875328,NA,93401047,93845047,0.740545916047517,23,NA,NA,NA,NA,NA,444000
"MET500","SRR4306948","SRR4306947","18",98,96,20,2.23982626446989,0.463809413521299,47,2.23982626446989,0.463809413521299,480761,1276106,0.675019755675239,17,6,NA,NA,NA,NA,795345
"MET500","SRR4306990","SRR4306989","8",51,161,5,2.12344740273755,5.65209306278925,77,2.12344740273755,NA,101190054,102678978,0.720075833017503,19,NA,NA,NA,NA,NA,1488924
"MET500","SRR4306990","SRR4306989","8",53,16,1,2.18088039299041,5.00754478590396,78,2.18088039299041,NA,127085070,128428243,0.720075833017503,20,NA,NA,NA,NA,NA,1343173
"MET500","SRR4307014","SRR4307013","10",32,225,44,2.21934226482115,4.67085081218581,49,2.21934226482115,4.67085081218581,122358398,124066908,0.733150958488478,20,2,NA,NA,NA,NA,1708510
"MET500","SRR4307014","SRR4307013","10",34,449,75,2.03781744737348,4.23488939016788,48,2.03781744737348,4.23488939016788,134579044,135500900,0.733150958488478,18,2,NA,NA,NA,NA,921856
"MET500","SRR4307021","SRR4307020","1",2,427,27,3.22664223379198,12.2537808925824,52,3.22664223379198,12.2537808925824,39549700,40525104,0.757502912564137,35,1,NA,NA,NA,NA,975404
"MET500","SRR4307021","SRR4307020","12",73,311,35,2.79363282298425,9.87677419430776,51,2.79363282298425,9.87677419430776,26877385,28702134,0.757502912564137,26,1,NA,NA,NA,NA,1824749
"MET500","SRR4307086","SRR4307085","11",141,46,6,2.08663308870381,3.79649520195432,95,2.08663308870381,NA,3188102,3552850,0.93040610117245,15,NA,NA,NA,NA,NA,364748
"MET500","SRR4307086","SRR4307085","14",158,1027,108,2.26187316543067,4.09646850474138,96,2.26187316543067,4.09646850474138,22458883,24114754,0.93040610117245,16,2,NA,NA,NA,NA,1655871
"MET500","SRR4307098","SRR4307097","1",6,192,12,1.40271515380894,2.09421959168201,30,1.40271515380894,NA,115113413,115829516,0.225927561841046,19,NA,NA,NA,NA,NA,716103
"MET500","SRR4307098","SRR4307097","12",47,31,4,1.46246781730156,2.49424131124574,32,1.45854710113063,NA,32133910,32447155,0.225927561841046,20,NA,NA,NA,NA,NA,313245
"MET500","SRR4307098","SRR4307097","14",56,59,2,1.46060909154133,2.47251963626508,32,1.45854710113063,NA,57857734,58606184,0.225927561841046,20,NA,NA,NA,NA,NA,748450
"MET500","SRR4307098","SRR4307097","14",58,398,30,1.45619061559579,1.94841826421834,31,1.45854710113063,1.94841826421834,63589798,65019707,0.225927561841046,20,2,NA,NA,NA,NA,1429909
"MET500","SRR4307098","SRR4307097","14",59,145,20,2.23964162699828,3.58953024485191,34,2.23964162699828,3.58953024485191,65031379,65410209,0.225927561841046,39,3,NA,NA,NA,NA,378830
"MET500","SRR4307106","SRR4307105","12",52,91,4,2.09747279366194,12.9621350112157,52,2.09747279366194,NA,3645799,3951874,0.708676686941294,17,NA,NA,NA,NA,NA,306075
"MET500","SRR4307110","SRR4307109","17",55,255,16,2.70273986753686,5.51620745569282,30,2.70273986753686,5.51620745569282,37217566,37762337,0.404731879730576,28,1,NA,NA,NA,NA,544771
"MET500","SRR4307126","SRR4307125","12",79,32,5,1.99346168028426,4.36777797423077,56,1.99346168028426,NA,25276328,25656657,0.325424954606705,25,NA,NA,NA,NA,NA,380329
"MET500","SRR4307166","SRR4307165","6",38,62,4,2.59940963871335,6.1013753336595,86,2.59940963871335,NA,107077645,107655533,0.71155038377531,25,NA,NA,NA,NA,NA,577888
"MET500","SRR4307170","SRR4307169","1",5,46,5,4.04968945688899,16.0521588167904,35,4.04968945688899,NA,59247629,60163349,0.957336497082374,36,NA,NA,NA,NA,NA,915720
"MET500","SRR4307170","SRR4307169","1",15,94,13,3.91506188304912,13.746523073269,34,3.91506188304912,NA,170994010,171292473,0.957336497082374,33,NA,NA,NA,NA,NA,298463
"MET500","SRR4307170","SRR4307169","1",17,164,22,3.55626613149904,12.3746354521621,33,3.58470923876463,11.5074005760497,171481387,172113590,0.957336497082374,26,1,NA,NA,NA,NA,632203
"MET500","SRR4307170","SRR4307169","1",21,47,1,3.06021232672507,7.14588307592544,30,3.06656533354647,NA,172554111,173110317,0.957336497082374,18,NA,NA,NA,NA,NA,556206
"MET500","SRR4307170","SRR4307169","12",55,88,1,3.91631771217974,8.07650222663048,34,3.91506188304912,NA,116412921,117217129,0.957336497082374,33,NA,NA,NA,NA,NA,804208
"MET500","SRR4307170","SRR4307169","15",65,60,8,3.46739462547027,12.1932775559315,32,3.46739462547027,NA,91769422,92824808,0.957336497082374,24,NA,NA,NA,NA,NA,1055386
"MET500","SRR4307170","SRR4307169","15",67,119,17,3.58180770555633,11.1641724271428,33,3.58470923876463,11.5074005760497,93007634,93595763,0.957336497082374,26,1,NA,NA,NA,NA,588129
"MET500","SRR4307170","SRR4307169","15",76,165,30,2.84313972304127,8.11604300044647,28,2.84461143616588,8.11604300044647,101791574,102427892,0.957336497082374,16,1,NA,NA,NA,NA,636318
"MET500","SRR4307194","SRR4307193","12",102,31,0,2.22361265669275,0,49,2.22361265669275,NA,58788734,59282849,0.608120007209307,15,NA,NA,NA,NA,NA,494115
"MET500","SRR4307194","SRR4307193","12",104,15,1,2.42035845028832,4.95322598107986,50,2.40358479261465,NA,61625067,62261143,0.608120007209307,17,NA,NA,NA,NA,NA,636076
"MET500","SRR4307194","SRR4307193","12",116,112,18,3.31996891909847,9.94485361037728,59,3.31503995417974,9.94485361037728,69962669,70671789,0.608120007209307,33,1,NA,NA,NA,NA,709120
"MET500","SRR4307194","SRR4307193","12",128,33,2,3.44512069944824,9.89100927645521,61,3.44864829280182,NA,77965859,78452962,0.608120007209307,36,NA,NA,NA,NA,NA,487103
"MET500","SRR4307194","SRR4307193","12",133,189,3,2.90260705831548,9.30512525109449,56,2.90260705831548,NA,88178227,88939850,0.608120007209307,24,NA,NA,NA,NA,NA,761623
"MET500","SRR4307209","SRR4307208","8",32,290,11,2.74945858133803,9.20144421144659,27,2.74945858133803,NA,124968224,126194542,0.452066077378633,36,NA,NA,NA,NA,NA,1226318
"MET500","SRR4307209","SRR4307208","8",34,20,1,2.84400349593749,8.06545468202848,28,2.84400349593749,NA,127595000,128807993,0.452066077378633,38,NA,NA,NA,NA,NA,1212993
"MET500","SRR4307225","SRR4307224","17",111,489,53,3.51242062597536,13.2191799954934,73,3.51242062597536,13.2191799954934,37687749,38569262,0.822539636916735,49,1,NA,NA,NA,NA,881513
"MET500","SRR4307229","SRR4307228","7",31,13,4,3.79458561298581,5.79160050910094,54,3.79108501022772,NA,53071145,54487524,0.329889764744709,93,NA,NA,NA,NA,NA,1416379
"MET500","SRR4307229","SRR4307228","7",33,90,21,3.7713757699188,7.58709082659001,53,3.79108501022772,7.58709082659001,55086922,55499117,0.329889764744709,92,4,NA,NA,NA,NA,412195
"MET500","SRR4307229","SRR4307228","7",34,177,21,2.71082460866277,2.32593608848822,52,2.71082460866277,2.32593608848822,55540707,56699690,0.329889764744709,42,6,NA,NA,NA,NA,1158983
"MET500","SRR4307269","SRR4307268","22",73,156,23,1.65177467814431,3.73305097008315,35,1.65177467814431,3.73305097008315,21188732,21695901,0.392388785010288,16,1,NA,NA,NA,NA,507169
"MET500","SRR4307277","SRR4307276","6",43,330,27,2.86816302972861,18.5849741556845,69,2.86816302972861,18.5849741556845,151626763,152730937,0.677452922201167,30,0,NA,NA,NA,NA,1104174
"MET500","SRR4307277","SRR4307276","8",54,199,17,1.92497603103545,14.6589750573422,66,1.92497603103545,14.6589750573422,98656523,99917590,0.677452922201167,15,0,NA,NA,NA,NA,1261067
"MET500","SRR4307277","SRR4307276","17",134,438,61,3.45064854754656,12.9608848204399,71,3.45064854754656,12.9608848204399,37687522,38487742,0.677452922201167,45,1,NA,NA,NA,NA,800220
"MET500","SRR4307324","SRR4307323","7",43,195,6,3.61619987595424,0.976145626079695,76,3.61619987595424,NA,87178769,88389554,0.533051165072423,63,NA,NA,NA,NA,NA,1210785
"MET500","SRR4307324","SRR4307323","11",74,261,25,3.04995852075693,8.00495180466153,75,3.04995852075693,8.00495180466153,68480821,70034252,0.533051165072423,42,2,NA,NA,NA,NA,1553431
"MET500","SRR4307324","SRR4307323","11",75,292,42,1.6818238938694,2.35878226174973,70,1.6818238938694,2.35878226174973,70049368,71625472,0.533051165072423,15,2,NA,NA,NA,NA,1576104
"MET500","SRR4307324","SRR4307323","12",85,130,15,2.78528863683084,3.6664970331023,74,2.78528863683084,3.6664970331023,24365396,25801603,0.533051165072423,34,4,NA,NA,NA,NA,1436207
"MET500","SRR4307332","SRR4307331","11",49,108,26,2.57498524554768,5.07225416724944,30,2.57498524554768,5.07225416724944,68747636,69633645,0.648723085735867,17,1,NA,NA,NA,NA,886009
"MET500","SRR4307356","SRR4307355","7",10,91,10,3.9740591549033,11.8273299460514,14,3.9740591549033,NA,54820006,55411585,0.520337947621605,58,NA,NA,NA,NA,NA,591579
"MET500","SRR4307371","SRR4307370","1",2,254,15,2.19358784577643,7.16331003170875,65,2.19358784577643,7.16331003170875,114214203,115005969,0.543981016873698,25,1,NA,NA,NA,NA,791766
"MET500","SRR4307371","SRR4307370","19",97,307,19,1.81285563085434,4.53729669631195,64,1.81285563085434,4.53729669631195,19030151,19616460,0.543981016873698,19,1,NA,NA,NA,NA,586309
"MET500","SRR4307384","SRR4307383","8",58,87,28,3.3385183348744,10.3971167755925,52,3.34605942222305,10.3971167755925,11565690,12273129,0.836262642803215,23,1,NA,NA,NA,NA,707439
"MET500","SRR4307429","SRR4307428","19",109,258,26,1.97222820142269,3.97876598304936,83,1.97222820142269,3.97876598304936,14876014,15384050,0.690585072305052,16,2,NA,NA,NA,NA,508036
"MET500","SRR4307429","SRR4307428","20",118,110,11,2.77427443867349,6.45858340073915,85,2.77427443867349,NA,29845414,30345378,0.690585072305052,29,NA,NA,NA,NA,NA,499964
"MET500","SRR4307440","SRR4307439","23",158,52,0,3.01460709971089,0,69,3.01460709971089,NA,43515534,43809231,0.668515564986245,16,NA,NA,NA,NA,NA,293697
"MET500","SRR4307451","SRR4307450","8",59,32,3,3.69144325468079,13.8826323540963,82,3.69144325468079,NA,115580323,116680423,0.688627959559877,53,NA,NA,NA,NA,NA,1100100
"MET500","SRR4307451","SRR4307450","9",70,560,30,2.45969864839843,5.16130563378654,79,2.45969864839843,5.16130563378654,35605757,37034023,0.688627959559877,22,2,NA,NA,NA,NA,1428266
"MET500","SRR4307451","SRR4307450","11",89,250,25,2.63520719076958,5.09165788258833,80,2.63520719076958,5.09165788258833,69456002,70506126,0.688627959559877,25,2,NA,NA,NA,NA,1050124
"MET500","SRR4307473","SRR4307472","5",82,209,19,2.78951658741129,25.1269279750265,84,2.78951658741129,25.1269279750265,120952286,122758790,0.84420397763845,23,0,NA,NA,NA,NA,1806504
"MET500","SRR4307473","SRR4307472","12",155,103,6,2.17810624518338,3.39834551553209,81,2.20385669819773,NA,27745476,28123034,0.84420397763845,15,NA,NA,NA,NA,NA,377558
"MET500","SRR4307473","SRR4307472","12",163,158,23,3.33394737573304,8.32981577084563,85,3.34166262138717,8.80668762744709,69279532,70352417,0.84420397763845,34,2,NA,NA,NA,NA,1072885
"MET500","SRR4307476","SRR4307475","11",101,186,19,1.95489360719391,2.99655727270552,85,1.95489360719391,2.99655727270552,13375671,14793706,0.863218596477102,15,2,NA,NA,NA,NA,1418035
"MET500","SRR4307476","SRR4307475","11",104,238,12,2.93760483750217,10.3110402686083,87,2.93760483750217,NA,69456093,70544926,0.863218596477102,30,NA,NA,NA,NA,NA,1088833
"MET500","SRR4307512","SRR4307511","17",115,422,46,2.61850411320337,9.58981866902652,67,2.61408078554474,9.58981866902652,37457345,38252660,0.366681291832997,33,0,NA,NA,NA,NA,795315
"MET500","SRR4307550","SRR4307549","17",110,526,14,3.26990594363545,8.48180856850668,56,3.26990594363545,NA,26881283,27804657,0.708817010442764,45,NA,NA,NA,NA,NA,923374
"MET500","SRR4307550","SRR4307549","17",120,133,3,2.35038135176779,4.8766025688902,53,2.34213957278582,NA,47075127,47688915,0.708817010442764,23,NA,NA,NA,NA,NA,613788
"MET500","SRR4307550","SRR4307549","17",122,451,65,1.94342470215442,3.81862539838284,52,1.94342470215442,3.81862539838284,48068841,48721109,0.708817010442764,17,2,NA,NA,NA,NA,652268
"MET500","SRR4307559","SRR4307558","11",55,48,5,1.61360368273265,2.85657346709092,59,1.61819902749864,NA,69062879,69633593,0.436509459437072,15,NA,NA,NA,NA,NA,570714
"MET500","SRR4307559","SRR4307558","17",106,804,30,1.73085090317114,1.09168045369091,60,1.71573464702348,1.09168045369091,36891457,38458227,0.436509459437072,17,4,NA,NA,NA,NA,1566770
"MET500","SRR4307565","SRR4307564","1",5,24,4,2.45718495480126,7.53311619342049,33,2.45718495480126,NA,58694176,59466022,0.324268639608127,38,NA,NA,NA,NA,NA,771846
"MET500","SRR4307568","SRR4307567","4",44,53,7,2.07553737085406,5.46795784051246,48,2.07553737085406,NA,80509096,81124889,0.64085762369085,16,NA,NA,NA,NA,NA,615793
"MET500","SRR4307568","SRR4307567","23",153,30,0,3.5742315163112,0,50,3.5742315163112,NA,66593282,66943905,0.64085762369085,24,NA,NA,NA,NA,NA,350623
"MET500","SRR4307593","SRR4307592","6",30,44,3,2.93605934825072,6.25282843061809,52,2.93605934825072,NA,104465630,105307526,0.672697556320016,37,NA,NA,NA,NA,NA,841896
"MET500","SRR4307593","SRR4307592","6",31,73,4,2.11774645984576,3.0126389569551,47,2.11774645984576,NA,105388217,106115497,0.672697556320016,21,NA,NA,NA,NA,NA,727280
"MET500","SRR4307593","SRR4307592","6",33,138,2,2.53203483923495,4.76586818325354,50,2.53203483923495,NA,107780133,109001171,0.672697556320016,28,NA,NA,NA,NA,NA,1221038
"MET500","SRR4307593","SRR4307592","12",63,17,1,2.27666695427344,5.48569540275324,49,2.29946963025409,NA,3950457,4430706,0.672697556320016,23,NA,NA,NA,NA,NA,480249
"MET500","SRR4307599","SRR4307598","6",47,206,20,3.05905754456613,9.54877407519723,81,3.05905754456613,9.54877407519723,152652287,153603883,0.541199380408293,37,1,NA,NA,NA,NA,951596
"MET500","SRR4307599","SRR4307598","10",73,153,22,1.95194984932716,3.03694335363345,72,1.95255473760109,3.03694335363345,16996510,17756833,0.541199380408293,16,2,NA,NA,NA,NA,760323
"MET500","SRR4307599","SRR4307598","11",96,209,29,2.08758350078935,5.07168157050923,74,2.08456687999314,5.07168157050923,68772758,70224539,0.541199380408293,18,1,NA,NA,NA,NA,1451781
"MET500","SRR4307605","SRR4307604","6",34,35,1,2.07146078371296,1.45985311729008,51,2.07146078371296,NA,64415943,64708974,0.763865269917335,17,NA,NA,NA,NA,NA,293031
"MET500","SRR4307656","SRR4307655","23",73,52,0,3.5450323823032,0,32,3.5450323823032,NA,77041713,77395229,0.419751696657023,26,NA,NA,NA,NA,NA,353516
"MET500","SRR4307660","SRR4307659","11",76,210,18,2.06943420962696,3.25304699542529,63,2.06943420962696,3.25304699542529,69456027,70348154,0.465117506058986,19,2,NA,NA,NA,NA,892127
"MET500","SRR4307660","SRR4307659","19",126,819,114,1.87120458271478,2.09019985990223,62,1.87120458271478,2.09019985990223,8922137,10450102,0.465117506058986,16,2,NA,NA,NA,NA,1527965
"MET500","SRR4307660","SRR4307659","20",145,15,5,2.15006824356866,9.28990118466776,64,2.15006824356866,NA,11904401,13074235,0.465117506058986,20,NA,NA,NA,NA,NA,1169834
"MET500","SRR4307695","SRR4307694","1",3,942,68,1.18077546413081,0.289532393539879,28,1.18077546413081,0.289532393539879,153318609,155167654,0.230243671694131,15,5,NA,NA,NA,NA,1849045
"MET500","SRR4307695","SRR4307694","7",19,403,35,3.1970743588959,8.80059700125991,29,3.1970743588959,8.80059700125991,4714868,6189283,0.230243671694131,80,1,NA,NA,NA,NA,1474415
"MET500","SRR4307728","SRR4307727","7",20,28,1,3.89643525623335,13.3694671171062,21,3.89643525623335,NA,54637000,55087113,0.856392173924349,36,NA,NA,NA,NA,NA,450113
"MET500","SRR4307732","SRR4307731","10",82,66,10,2.35426937397124,5.35046826112118,75,2.35426937397124,NA,4866981,5149826,0.524125580966705,26,NA,NA,NA,NA,NA,282845
"MET500","SRR4307752","SRR4307751","7",18,144,20,3.76804414257887,12.8924726216895,12,3.76804414257887,12.8924726216895,54487424,55629901,0.564297194656686,46,1,NA,NA,NA,NA,1142477
"MET500","SRR4307801","SRR4307800","8",106,27,2,1.55680673880563,2.81979720938832,85,1.55680673880563,NA,130777765,131066991,0.55596038337074,16,NA,NA,NA,NA,NA,289226
"MET500","SRR4307834","SRR4307833","1",3,305,27,1.823116955103,5.78480351123986,36,1.823116955103,5.78480351123986,3301838,4848048,0.430163764821572,16,0,NA,NA,NA,NA,1546210
"MET500","SRR4307842","SRR4307841","15",153,172,11,3.93068469119881,12.1839921343977,84,3.92219489345645,NA,93277388,95022402,0.625685328438656,65,NA,NA,NA,NA,NA,1745014
"MET500","SRR4307842","SRR4307841","15",155,65,8,3.90841451032824,12.3026540752249,84,3.92219489345645,NA,98982793,99544652,0.625685328438656,64,NA,NA,NA,NA,NA,561859
"MET500","SRR4307853","SRR4307852","14",128,370,53,3.71873661187074,13.4262269298302,98,3.71873661187074,13.4262269298302,23652327,24435718,0.539195812941184,57,1,NA,NA,NA,NA,783391
"MET500","SRR4307863","SRR4307862","11",58,196,19,3.19802369275682,12.7584094715139,44,3.19802369275682,12.7584094715139,34426273,35515767,0.34302688581346,61,0,NA,NA,NA,NA,1089494
"MET500","SRR4307863","SRR4307862","11",62,56,10,3.10442246017296,12.0429321103252,43,3.10442246017296,NA,44585783,44968720,0.34302688581346,57,NA,NA,NA,NA,NA,382937
"MET500","SRR4307863","SRR4307862","11",63,180,6,2.76805325938802,9.22760636167876,42,2.76805325938802,NA,45117356,46165121,0.34302688581346,44,NA,NA,NA,NA,NA,1047765
"MET500","SRR4307871","SRR4307870","7",27,46,7,3.13068369923845,16.1526634393185,37,3.13068369923845,NA,66281267,66767814,0.495552400235385,43,NA,NA,NA,NA,NA,486547
"MET500","SRR8624721","SRR8624722","11",22,148,19,2.23464562210244,5.54144930678047,18,2.24658157577167,5.54144930678047,74883577,75442398,0.610107451569181,15,1,NA,NA,NA,NA,558821
"METAPRISM","MP-0025-D01","MP-0025-D10","1",9,329,32,1.442,2.872,86,1.428,2.782,158507161,159409400,0.372,18,2,"DUP",902240,"Amplification","HL_gain",902239
"METAPRISM","MP-0025-D01","MP-0025-D10","7",49,533,57,1.253,2.074,84,1.258,2.074,6068756,7628249,0.372,16,2,"DUP",1559494,"Amplification","HL_gain",1559493
"METAPRISM","MP-0025-D01","MP-0025-D10","7",51,67,0,2.035,0,89,2.035,NA,8008930,8978037,0.372,29,NA,"DUP",969108,"Amplification","HL_gain",969107
"METAPRISM","MP-0025-D01","MP-0025-D10","19",150,411,34,1.219,2.232,82,1.216,2.232,44633216,45397301,0.372,15,2,"DUP",764086,"Amplification","HL_gain",764085
"METAPRISM","MP-0037-D01","MP-0037-D10","11",38,196,20,2.081,3.647,28,2.081,3.647,68331717,68855233,0.366,25,2,"DUP",523517,"Amplification","HL_gain",523516
"METAPRISM","MP-0037-D01","MP-0037-D10","11",39,47,5,2.657,7.409,29,2.657,NA,69062760,69631054,0.366,39,NA,"DUP",568295,"Amplification","HL_gain",568294
"METAPRISM","MP-0037-D01","MP-0037-D10","11",40,199,15,1.924,3.556,27,1.924,3.556,69924791,70506089,0.366,22,2,"DUP",581299,"Amplification","HL_gain",581298
"METAPRISM","MP-0038-D01","MP-0038-D10","X",105,34,0,5.888,0,44,5.888,NA,65835993,67268330,0.636,136,NA,"DUP",1432338,"Amplification","HL_gain",1432337
"METAPRISM","MP-0039-D01","MP-0039-D10","12",33,365,12,3.24,0.017,40,3.24,NA,40734058,41333354,0.432,51,NA,"DUP",599297,"Amplification","HL_gain",599296
"METAPRISM","MP-0039-D01","MP-0039-D10","12",34,55,7,2.901,8.916,39,2.901,NA,41337436,41967775,0.432,40,NA,"DUP",630340,"Amplification","HL_gain",630339
"METAPRISM","MP-0039-D01","MP-0039-D10","X",69,606,20,1.842,2.947,34,1.842,2.947,48321341,49355448,0.432,18,2,"DUP",1034108,"Amplification","HL_gain",1034107
"METAPRISM","MP-0046-D01","MP-0046-D10","18",56,59,5,1.495,5.152,49,1.495,NA,618022,1359430,0.406,15,NA,"DUP",741409,"Amplification","HL_gain",741408
"METAPRISM","MP-0054-D01","MP-0054-D10","6",67,270,16,1.883,3.288,80,1.883,3.288,131230010,132713296,0.445,18,2,"DUP",1483287,"Amplification","HL_gain",1483286
"METAPRISM","MP-0054-D01","MP-0054-D10","12",101,59,2,1.609,2.604,78,1.608,NA,72278660,72771816,0.445,15,NA,"DUP",493157,"Amplification","HL_gain",493156
"METAPRISM","MP-0054-D01","MP-0054-D10","12",103,12,1,2.018,5.561,81,2.018,NA,81929280,82701956,0.445,20,NA,"DUP",772677,"Amplification","HL_gain",772676
"METAPRISM","MP-0054-D01","MP-0054-D10","13",108,122,10,1.672,4.028,79,1.672,NA,75812408,76397883,0.445,15,NA,"DUP",585476,"Amplification","HL_gain",585475
"METAPRISM","MP-0060-D01","MP-0060-D10","17",101,621,39,2.981,8.328,66,2.988,8.328,37499421,38652547,0.537,33,1,"DUP",1153127,"Amplification","HL_gain",1153126
"METAPRISM","MP-0060-D01","MP-0060-D10","17",104,250,39,1.876,2.432,64,1.848,2.388,38937467,39526100,0.537,15,2,"DUP",588634,"Amplification","HL_gain",588633
"METAPRISM","MP-0087-D02","MP-0087-D11","8",32,14,0,4.843,0,59,4.843,NA,81083464,81431757,0.795,73,NA,"DUP",348294,"Amplification","HL_gain",348293
"METAPRISM","MP-0087-D02","MP-0087-D11","8",34,70,3,4.791,36.843,58,4.791,NA,81888887,82752229,0.795,71,NA,"DUP",863343,"Amplification","HL_gain",863342
"METAPRISM","MP-0088-D01","MP-0088-D10","11",26,191,19,2.544,6.391,25,2.544,6.391,68847334,70229237,0.703,16,1,"DUP",1381904,"Amplification","HL_gain",1381903
"METAPRISM","MP-0092-D01","MP-0092-D10","19",95,159,8,3.323,8.062,49,3.333,NA,47813206,48199790,0.908,25,NA,"DUP",386585,"Amplification","HL_gain",386584
"METAPRISM","MP-0092-D01","MP-0092-D10","19",111,751,82,2.668,7.327,45,2.668,7.327,57832258,59023422,0.908,16,1,"DUP",1191165,"Amplification","HL_gain",1191164
"METAPRISM","MP-0127-D01","MP-0127-D10","17",63,501,39,2.621,16.892,27,2.621,16.892,37761697,38600341,0.77,16,0,"DUP-LOH",838645,"Amplification","HL_gain",838644
"METAPRISM","MP-0128-D01","MP-0128-D10","11",83,301,14,2.455,4.591,63,2.437,NA,69071157,70858366,0.692,23,NA,"DUP",1787210,"Amplification","HL_gain",1787209
"METAPRISM","MP-0147-D01","MP-0147-D10","8",87,188,16,2.535,4.402,86,2.535,4.402,73848162,75276621,0.749,22,2,"DUP",1428460,"Amplification","HL_gain",1428459
"METAPRISM","MP-0147-D01","MP-0147-D10","8",89,70,4,2.302,16.463,84,2.302,NA,77515621,77926190,0.749,19,NA,"DUP",410570,"Amplification","HL_gain",410569
"METAPRISM","MP-0156-D01","MP-0156-D10","19",72,30,4,1.69,2.5,29,1.69,NA,31767375,32843652,0.25,21,NA,"DUP",1076278,"Amplification","HL_gain",1076277
"METAPRISM","MP-0176-D01","MP-0176-D10","7",28,274,22,2.115,5.569,31,2.115,5.569,46728938,48081088,0.536,18,1,"DUP",1352151,"Amplification","HL_gain",1352150
"METAPRISM","MP-0176-D01","MP-0176-D10","7",30,177,32,2.263,5.279,32,2.263,5.279,48259009,48965616,0.536,20,1,"DUP",706608,"Amplification","HL_gain",706607
"METAPRISM","MP-0176-D01","MP-0176-D10","7",39,43,1,1.893,1.92,29,1.893,NA,111617014,111982620,0.536,15,NA,"DUP",365607,"Amplification","HL_gain",365606
"METAPRISM","MP-0185-D01","MP-0185-D10","7",24,65,5,1.528,2.472,31,1.528,NA,116198891,116533172,0.283,16,NA,"DUP",334282,"Amplification","HL_gain",334281
"METAPRISM","MP-0191-D01","MP-0191-D10","8",84,315,23,2.557,6.038,43,2.557,6.038,125015506,126491044,0.716,17,1,"DUP",1475539,"Amplification","HL_gain",1475538
"METAPRISM","MP-0206-D01","MP-0206-D10","1",12,168,16,1.661,5.667,72,1.666,5.667,159161886,159888721,0.81,15,1,"DUP",726836,"Amplification","HL_gain",726835
"METAPRISM","MP-0206-D01","MP-0206-D10","1",14,625,26,1.941,6.184,76,1.94,6.184,160249385,161376138,0.81,18,1,"DUP",1126754,"Amplification","HL_gain",1126753
"METAPRISM","MP-0206-D01","MP-0206-D10","1",22,39,0,1.883,0,75,1.864,NA,192153378,192781029,0.81,17,NA,"DUP",627652,"Amplification","HL_gain",627651
"METAPRISM","MP-0206-D01","MP-0206-D10","12",101,121,2,2.191,6.061,79,2.191,NA,64833167,65272437,0.81,22,NA,"DUP",439271,"Amplification","HL_gain",439270
"METAPRISM","MP-0206-D01","MP-0206-D10","12",104,37,1,2.283,4.177,80,2.283,NA,67072699,67706532,0.81,23,NA,"DUP",633834,"Amplification","HL_gain",633833
"METAPRISM","MP-0207-D03","MP-0207-D10","19",35,258,16,1.423,1.834,15,1.423,1.834,39516187,40364156,0.189,23,2,"DUP",847970,"Amplification","HL_gain",847969
"METAPRISM","MP-0217-D01","MP-0217-D10","X",88,35,0,4.207,0,34,4.207,NA,66765042,67293049,0.755,26,NA,"DUP",528008,"Amplification","HL_gain",528007
"METAPRISM","MP-0219-D02","MP-0219-D10","12",40,130,13,2.007,4.094,33,2.007,NA,69633419,70178674,0.244,31,NA,"DUP",545256,"Amplification","HL_gain",545255
"METAPRISM","MP-0219-D02","MP-0219-D10","17",59,596,26,1.716,1.349,32,1.716,1.349,36454401,37899826,0.244,24,4,"DUP",1445426,"Amplification","HL_gain",1445425
"METAPRISM","MP-0219-D02","MP-0219-D10","17",61,195,14,2.137,3.161,34,2.137,NA,39593463,39925419,0.244,34,NA,"DUP",331957,"Amplification","HL_gain",331956
"METAPRISM","MP-0225-D01","MP-0225-D10","6",28,19,0,2.007,0,38,2.007,NA,80750356,81056157,0.752,16,NA,"DUP",305802,"Amplification","HL_gain",305801
"METAPRISM","MP-0225-D01","MP-0225-D10","19",74,216,16,2.281,4.179,40,2.281,4.179,6957185,7626388,0.752,20,2,"DUP",669204,"Amplification","HL_gain",669203
"METAPRISM","MP-0231-D01","MP-0231-D10","14",136,432,32,1.906,3.619,66,1.906,3.619,104465038,105523688,0.683,16,2,"DUP",1058651,"Amplification","HL_gain",1058650
"METAPRISM","MP-0253-D01","MP-0253-D10","17",69,180,5,1.517,1.819,35,1.517,NA,37239673,37627969,0.182,25,NA,"DUP",388297,"Amplification","HL_gain",388296
"METAPRISM","MP-0262-D01","MP-0262-D10","7",30,172,8,1.94,1.123,46,1.94,NA,32659992,33573887,0.403,20,NA,"DUP",913896,"Amplification","HL_gain",913895
"METAPRISM","MP-0262-D01","MP-0262-D10","12",50,143,17,3.375,12.658,50,3.375,12.658,24736396,25838117,0.403,59,0,"DUP-LOH",1101722,"Amplification","HL_gain",1101721
"METAPRISM","MP-0272-D02","MP-0272-D10","1",3,537,16,1.435,1.404,38,1.435,1.404,149857873,151298645,0.243,20,3,"DUP",1440773,"Amplification","HL_gain",1440772
"METAPRISM","MP-0290-D01","MP-0290-D10","5",23,257,32,2.708,7.144,27,2.708,7.144,1073755,1572488,0.762,17,1,"DUP",498734,"Amplification","HL_gain",498733
"METAPRISM","MP-0300-D01","MP-0300-D10","X",68,77,0,4.558,0,34,4.558,NA,65835915,67518959,0.837,40,NA,"DUP",1683045,"Amplification","HL_gain",1683044
"METAPRISM","MP-0327-D01","MP-0327-D10","X",64,48,0,1.906,0,17,1.906,NA,65822509,67272484,0.203,15,NA,"DUP",1449976,"Amplification","HL_gain",1449975
"METAPRISM","MP-0334-D01","MP-0334-D10","14",56,17,3,2.569,4.364,37,2.569,NA,32586419,33005092,0.78,21,NA,"DUP",418674,"Amplification","HL_gain",418673
"METAPRISM","MP-0338-D01","MP-0338-D10","22",79,172,4,2.487,3.925,37,2.487,NA,41310434,41642817,0.79,18,NA,"DUP",332384,"Amplification","HL_gain",332383
"METAPRISM","MP-0339-D01","MP-0339-D10","8",51,64,0,2.867,0,58,2.867,NA,11405633,11853715,0.453,34,NA,"DUP",448083,"Amplification","HL_gain",448082
"METAPRISM","MP-0351-D01","MP-0351-D10","11",38,330,18,2.197,3.84,38,2.199,3.84,69062801,70858521,0.351,29,2,"DUP",1795721,"Amplification","HL_gain",1795720
"METAPRISM","MP-0351-D01","MP-0351-D10","X",69,36,0,2.216,0,39,2.199,NA,19046324,19410075,0.351,15,NA,"DUP",363752,"Amplification","HL_gain",363751
"METAPRISM","MP-0357-D04","MP-0357-D10","12",66,259,17,3.949,12.45,40,3.949,12.45,69121195,70352293,0.814,39,1,"DUP",1231099,"Amplification","HL_gain",1231098
"METAPRISM","MP-0360-D01","MP-0360-D10","12",44,19,3,2.639,8.792,65,2.639,NA,23887597,24365656,0.689,20,NA,"DUP",478060,"Amplification","HL_gain",478059
"METAPRISM","MP-0373-D01","MP-0373-D10","7",21,96,1,2.209,4.887,29,2.209,NA,55001486,55479775,0.351,26,NA,"DUP",478290,"Amplification","HL_gain",478289
"METAPRISM","MP-0386-D01","MP-0386-D10","17",103,701,35,3.49,9.113,73,3.49,9.113,36689701,38192504,0.578,59,2,"DUP",1502804,"Amplification","HL_gain",1502803
"METAPRISM","MP-0391-D01","MP-0391-D10","7",36,88,6,2.148,1.34,71,2.148,NA,12617884,14445978,0.521,23,NA,"DUP",1828095,"Amplification","HL_gain",1828094
"METAPRISM","MP-0397-D01","MP-0397-D10","17",39,545,23,2.257,4.215,23,2.257,4.215,36288165,37628034,0.338,25,1,"DUP",1339870,"Amplification","HL_gain",1339869
"METAPRISM","MP-0397-D01","MP-0397-D10","17",40,308,26,3.334,8.288,24,3.334,8.288,37646785,38192504,0.338,57,1,"DUP",545720,"Amplification","HL_gain",545719
"METAPRISM","MP-0402-D01","MP-0402-D10","9",20,51,1,3.404,5.256,26,3.404,NA,5233881,5656794,0.487,44,NA,"DUP",422914,"Amplification","HL_gain",422913
"METAPRISM","MP-0406-D01","MP-0406-D10","9",34,181,41,2.253,5.156,31,2.253,5.156,136577730,137678032,0.548,15,1,"DUP",1100303,"Amplification","HL_gain",1100302
"METAPRISM","MP-0406-D01","MP-0406-D10","12",52,90,4,3.919,12.267,33,3.919,NA,25002855,25398449,0.548,51,NA,"DUP",395595,"Amplification","HL_gain",395594
"METAPRISM","MP-0429-D01","MP-0429-D10","3",21,158,11,2.12,4.717,49,2.12,NA,12616517,13114653,0.297,30,NA,"DUP",498137,"Amplification","HL_gain",498136
"METAPRISM","MP-0429-D01","MP-0429-D10","7",53,16,2,1.333,2.029,45,1.331,NA,157396707,157691500,0.297,15,NA,"DUP",294794,"Amplification","HL_gain",294793
"METAPRISM","MP-0429-D01","MP-0429-D10","17",107,421,2,1.392,0.194,46,1.392,NA,57292091,58678214,0.297,16,NA,"DUP",1386124,"Amplification","HL_gain",1386123
"METAPRISM","MP-0429-D01","MP-0429-D10","17",111,318,23,1.338,1.025,43,1.331,1.025,66928638,67538054,0.297,16,3,"DUP",609417,"Amplification","HL_gain",609416
"METAPRISM","MP-0453-D01","MP-0453-D10","10",38,80,0,1.794,0,43,1.794,NA,76287730,76910398,0.568,18,NA,"DUP",622669,"Amplification","HL_gain",622668
"METAPRISM","MP-0464-D01","MP-0464-D10","X",120,135,0,3.923,0,46,3.925,NA,138286230,139795904,0.852,29,NA,"DUP",1509675,"Amplification","HL_gain",1509674
"METAPRISM","MP-0477-D01","MP-0477-D10","8",18,27,6,3.664,11.062,10,3.664,NA,127595014,128753234,0.365,66,NA,"DUP",1158221,"Amplification","HL_gain",1158220
"METAPRISM","MP-0479-D01","MP-0479-D10","11",78,158,2,2.116,6.889,51,2.116,NA,32697524,33374977,0.73,15,NA,"DUP",677454,"Amplification","HL_gain",677453
"METAPRISM","MP-0496-D01","MP-0496-D10","14",25,113,9,2.563,6.622,20,2.567,NA,37641502,38414329,0.3,36,NA,"DUP",772828,"Amplification","HL_gain",772827
"METAPRISM","MP-0529-D01","MP-0529-D10","19",208,332,37,2.109,3.505,85,2.106,3.505,39687479,40228564,0.529,19,2,"DUP",541086,"Amplification","HL_gain",541085
"METAPRISM","MP-0529-D01","MP-0529-D10","19",209,398,31,1.82,1.719,83,1.82,1.719,40275186,41000978,0.529,15,3,"DUP",725793,"Amplification","HL_gain",725792
"METAPRISM","MP-0529-D01","MP-0529-D10","19",210,335,26,2.329,4.424,87,2.329,4.424,41003451,41416605,0.529,22,2,"DUP",413155,"Amplification","HL_gain",413154
"METAPRISM","MP-0557-D02","MP-0557-D10","19",87,92,3,0.973,0.942,34,0.973,NA,30156627,31048184,0.185,15,NA,"DUP",891558,"Amplification","HL_gain",891557
"METAPRISM","MP-0561-D01","MP-0561-D10","13",84,231,0,1.856,0,66,1.856,NA,77166491,77842111,0.528,19,NA,"DUP",675621,"Amplification","HL_gain",675620
"METAPRISM","MP-0570-D02","MP-0570-D10","13",45,169,25,2.3,5.767,29,2.3,5.767,19713728,20438724,0.715,15,1,"DUP",724997,"Amplification","HL_gain",724996
"METAPRISM","MP-0570-D02","MP-0570-D10","13",47,115,14,2.349,5.973,30,2.349,NA,28122539,28681933,0.715,15,NA,"DUP",559395,"Amplification","HL_gain",559394
"METAPRISM","MP-0580-D01","MP-0580-D10","8",31,21,1,2.655,5.796,37,2.655,NA,93897233,94433112,0.776,18,NA,"DUP",535880,"Amplification","HL_gain",535879
"METAPRISM","MP-0580-D01","MP-0580-D10","8",36,164,14,2.896,6.152,38,2.896,NA,100994322,101961141,0.776,21,NA,"DUP",966820,"Amplification","HL_gain",966819
"METAPRISM","MP-0601-D01","MP-0601-D10","5",13,531,52,1.922,2.139,21,1.922,2.139,18478,1364178,0.336,22,3,"DUP",1345701,"Amplification","HL_gain",1345700
"METAPRISM","MP-0602-D01","MP-0602-D10","12",40,251,24,2.304,3.483,39,2.304,3.483,68045297,69874105,0.38,27,2,"DUP",1828809,"Amplification","HL_gain",1828808
"METAPRISM","MP-0602-D01","MP-0602-D10","12",43,102,5,2.148,3.584,38,2.148,NA,72041464,72426281,0.38,24,NA,"DUP",384818,"Amplification","HL_gain",384817
"METAPRISM","MP-0624-D01","MP-0624-D10","11",49,288,23,1.935,3.157,33,1.935,3.157,69456001,70719365,0.618,16,2,"DUP",1263365,"Amplification","HL_gain",1263364
"METAPRISM","MP-0648-D01","MP-0648-D10","2",14,107,0,2.556,0,54,2.556,NA,99743565,100289035,0.774,23,NA,"DUP",545471,"Amplification","HL_gain",545470
"METAPRISM","MP-0648-D01","MP-0648-D10","6",37,222,9,2.68,5.678,55,2.68,NA,46424461,48036248,0.774,25,NA,"DUP",1611788,"Amplification","HL_gain",1611787
"METAPRISM","MP-0648-D01","MP-0648-D10","8",47,37,1,1.956,3.3,51,1.956,NA,63831132,65286025,0.774,15,NA,"DUP",1454894,"Amplification","HL_gain",1454893
"METAPRISM","MP-0648-D01","MP-0648-D10","8",55,34,6,2.445,4.896,53,2.445,NA,142229787,142528504,0.774,21,NA,"DUP",298718,"Amplification","HL_gain",298717
"METAPRISM","MP-0649-D01","MP-0649-D10","8",43,160,25,2.271,5.361,36,2.271,5.361,11296050,12483982,0.439,23,1,"DUP",1187933,"Amplification","HL_gain",1187932
"METAPRISM","MP-0659-D01","MP-0659-D10","1",12,538,47,2.539,5.835,27,2.539,5.835,152190913,153825914,0.761,16,1,"DUP",1635002,"Amplification","HL_gain",1635001
"METAPRISM","MP-0659-D01","MP-0659-D10","20",60,20,1,2.483,7.16,26,2.483,NA,22324434,22866655,0.761,15,NA,"DUP",542222,"Amplification","HL_gain",542221
"METAPRISM","MP-0672-D01","MP-0672-D10","11",44,107,2,2.458,5.589,23,2.458,NA,67864596,68216421,0.704,17,NA,"DUP",351826,"Amplification","HL_gain",351825
"METAPRISM","MP-0672-D01","MP-0672-D10","11",46,223,25,2.571,7.604,24,2.571,7.604,68337471,68855595,0.704,19,1,"DUP",518125,"Amplification","HL_gain",518124
"METAPRISM","MP-0672-D01","MP-0672-D10","11",47,61,4,3.708,11.37,27,3.723,NA,69062800,69633640,0.704,42,NA,"DUP",570841,"Amplification","HL_gain",570840
"METAPRISM","MP-0672-D01","MP-0672-D10","11",56,320,20,3.2,9.899,26,3.2,9.899,75378489,76905768,0.704,29,1,"DUP",1527280,"Amplification","HL_gain",1527279
"METAPRISM","MP-0679-D01","MP-0679-D10","6",39,399,46,3.022,4.559,47,3.022,4.559,109450540,110797175,0.857,19,2,"DUP",1346636,"Amplification","HL_gain",1346635
"METAPRISM","MP-0679-D01","MP-0679-D10","6",41,323,22,2.827,4.365,46,2.827,4.365,111580972,112938436,0.857,16,2,"DUP",1357465,"Amplification","HL_gain",1357464
"METAPRISM","MP-0680-D01","MP-0680-D10","11",48,256,16,2.463,8.02,43,2.463,8.02,69589857,71201868,0.602,24,1,"DUP",1612012,"Amplification","HL_gain",1612011
"METAPRISM","MP-0683-D02","MP-0683-D10","X",77,29,0,3.85,0,42,3.85,NA,66765131,67339121,0.846,28,NA,"DUP",573991,"Amplification","HL_gain",573990
"METAPRISM","MP-0707-D01","MP-0707-D10","5",25,611,69,3.228,9.1,44,3.228,9.1,18463,1394920,0.527,38,1,"DUP",1376458,"Amplification","HL_gain",1376457
"METAPRISM","MP-0709-D01","MP-0709-D10","17",73,168,16,1.687,2.401,56,1.687,2.401,37046543,37459927,0.392,15,2,"DUP",413385,"Amplification","HL_gain",413384
"METAPRISM","MP-0715-D01","MP-0715-D10","8",34,25,5,4.216,17.076,42,4.216,NA,128098634,128753158,0.317,139,NA,"DUP",654525,"Amplification","HL_gain",654524
"METAPRISM","MP-0715-D01","MP-0715-D10","9",38,36,2,1.95,4.594,39,1.95,NA,13987054,14313593,0.317,25,NA,"DUP",326540,"Amplification","HL_gain",326539
"METAPRISM","MP-0715-D01","MP-0715-D10","17",56,201,8,1.705,3.628,38,1.721,NA,27896112,28508041,0.317,21,NA,"DUP",611930,"Amplification","HL_gain",611929
"METAPRISM","MP-0715-D01","MP-0715-D10","17",59,302,3,1.685,4.546,36,1.677,NA,35376260,36105072,0.317,20,NA,"DUP",728813,"Amplification","HL_gain",728812
"METAPRISM","MP-0715-D01","MP-0715-D10","17",63,386,18,1.679,4.635,35,1.677,4.584,43131395,44770447,0.317,20,0,"DUP-LOH",1639053,"Amplification","HL_gain",1639052
"METAPRISM","MP-0744-D01","MP-0744-D10","9",35,28,2,1.519,2.411,37,1.519,NA,43163137,44175744,0.277,15,NA,"DUP",1012608,"Amplification","HL_gain",1012607
"METAPRISM","MP-0761-D01","MP-0761-D10","8",27,393,2,3.092,4.892,31,3.092,NA,37333485,38386113,0.664,24,NA,"DUP",1052629,"Amplification","HL_gain",1052628
"METAPRISM","MP-0761-D01","MP-0761-D10","21",77,95,16,2.592,11.024,29,2.592,11.024,14414799,15671983,0.664,17,0,"DUP-LOH",1257185,"Amplification","HL_gain",1257184
"METAPRISM","MP-0762-D01","MP-0762-D10","9",27,30,1,3.373,13.993,34,3.373,NA,15000552,15448352,0.809,24,NA,"DUP",447801,"Amplification","HL_gain",447800
"METAPRISM","MP-0762-D01","MP-0762-D10","9",29,16,1,4.63,26.548,35,4.618,NA,16870650,17366655,0.809,57,NA,"DUP",496006,"Amplification","HL_gain",496005
"METAPRISM","MP-0762-D01","MP-0762-D10","11",40,39,3,4.618,16.274,35,4.618,NA,68854617,69633525,0.809,57,NA,"DUP",778909,"Amplification","HL_gain",778908
"METAPRISM","MP-0768-D01","MP-0768-D10","12",66,73,6,2.739,5.301,60,2.763,NA,59199785,60173356,0.693,29,NA,"DUP",973572,"Amplification","HL_gain",973571
"METAPRISM","MP-0768-D01","MP-0768-D10","12",69,152,4,2.241,4.22,56,2.23,NA,66357069,67197983,0.693,20,NA,"DUP",840915,"Amplification","HL_gain",840914
"METAPRISM","MP-0768-D01","MP-0768-D10","12",71,183,21,2.416,5.14,57,2.416,5.14,70284858,71523227,0.693,23,2,"DUP",1238370,"Amplification","HL_gain",1238369
"METAPRISM","MP-0768-D01","MP-0768-D10","17",95,320,21,2.013,2.821,53,2.013,2.821,60460381,61628226,0.693,17,2,"DUP",1167846,"Amplification","HL_gain",1167845
"METAPRISM","MP-0768-D01","MP-0768-D10","17",96,597,21,2.512,4.041,58,2.512,4.041,61655793,62857057,0.693,24,2,"DUP",1201265,"Amplification","HL_gain",1201264
"METAPRISM","MP-0768-D01","MP-0768-D10","17",97,78,2,2.201,3.083,54,2.186,NA,62859046,63223718,0.693,20,NA,"DUP",364673,"Amplification","HL_gain",364672
"METAPRISM","MP-0768-D01","MP-0768-D10","19",104,374,43,2.219,3.731,55,2.23,3.731,32843880,33703817,0.693,20,2,"DUP",859938,"Amplification","HL_gain",859937
"METAPRISM","MP-0768-D01","MP-0768-D10","19",106,196,21,1.922,3.229,52,1.922,3.229,35225930,35660552,0.693,16,2,"DUP",434623,"Amplification","HL_gain",434622
"METAPRISM","MP-0768-D01","MP-0768-D10","20",119,237,23,2.776,5.449,59,2.763,5.449,55025594,56807993,0.693,30,2,"DUP",1782400,"Amplification","HL_gain",1782399
"METAPRISM","MP-0770-D01","MP-0770-D10","12",75,599,38,1.455,2.455,73,1.454,2.455,55413938,56526308,0.466,15,2,"DUP",1112371,"Amplification","HL_gain",1112370
"METAPRISM","MP-0778-D01","MP-0778-D10","7",50,53,6,1.774,2.597,52,1.767,NA,116201441,116502643,0.474,15,NA,"DUP",301203,"Amplification","HL_gain",301202
"METAPRISM","MP-0790-D01","MP-0790-D10","7",19,180,25,2.442,4.738,18,2.442,4.738,86688678,87225201,0.275,40,2,"DUP",536524,"Amplification","HL_gain",536523
"METAPRISM","MP-0791-D01","MP-0791-D10","12",62,69,0,1.631,0,61,1.631,NA,38423157,39687173,0.224,26,NA,"DUP",1264017,"Amplification","HL_gain",1264016
"METAPRISM","MP-0791-D01","MP-0791-D10","12",66,260,14,1.14,2.165,55,1.14,NA,64038093,65179863,0.224,17,NA,"DUP",1141771,"Amplification","HL_gain",1141770
"METAPRISM","MP-0791-D01","MP-0791-D10","20",100,333,14,1.541,2.65,59,1.541,NA,30137853,31017248,0.224,24,NA,"DUP",879396,"Amplification","HL_gain",879395
"METAPRISM","MP-0811-D01","MP-0811-D10","7",23,96,3,2.018,4.652,34,2.018,NA,95434075,96830672,0.64,15,NA,"DUP",1396598,"Amplification","HL_gain",1396597
"METAPRISM","MP-0811-D01","MP-0811-D10","7",25,232,14,2.945,8.159,36,2.945,NA,99217225,99707950,0.64,29,NA,"DUP",490726,"Amplification","HL_gain",490725
"METAPRISM","MP-0811-D01","MP-0811-D10","7",26,826,101,2.187,2.958,35,2.187,2.958,99708772,100803942,0.64,17,2,"DUP",1095171,"Amplification","HL_gain",1095170
"METAPRISM","MP-0821-D01","MP-0821-D10","4",12,24,1,1.859,9.204,34,1.859,NA,30718543,31144503,0.527,16,NA,"DUP",425961,"Amplification","HL_gain",425960
"METAPRISM","MP-0827-D01","MP-0827-D10","11",56,135,12,3.272,9.175,44,3.272,NA,106888777,107904646,0.353,62,NA,"DUP",1015870,"Amplification","HL_gain",1015869
"METAPRISM","MP-0832-D01","MP-0832-D10","4",24,82,1,3.382,7.708,37,3.382,NA,55100703,55604566,0.188,118,NA,"DUP",503864,"Amplification","HL_gain",503863
"METAPRISM","MP-0832-D01","MP-0832-D10","4",25,124,0,1.711,0,36,1.711,NA,55604790,56428517,0.188,31,NA,"DUP",823728,"Amplification","HL_gain",823727
"METAPRISM","MP-0839-D01","MP-0839-D10","19",143,402,33,1.936,2.551,77,1.936,2.551,50979270,51883769,0.466,19,2,"DUP",904500,"Amplification","HL_gain",904499
"METAPRISM","MP-0842-D01","MP-0842-D10","7",56,180,22,4.018,11.869,41,4.018,11.869,54612171,55799833,0.381,100,2,"DUP",1187663,"Amplification","HL_gain",1187662
"METAPRISM","MP-0842-D01","MP-0842-D10","18",104,26,2,1.499,1.429,40,1.499,NA,7329037,8088961,0.381,15,NA,"DUP",759925,"Amplification","HL_gain",759924
"METAPRISM","MP-0860-D01","MP-0860-D10","12",78,248,36,2.518,5.037,81,2.528,4.904,27143424,28717991,0.656,24,2,"DUP",1574568,"Amplification","HL_gain",1574567
"METAPRISM","MP-0860-D01","MP-0860-D10","20",128,506,64,1.884,2.618,80,1.884,2.618,62152609,62959406,0.656,15,2,"DUP",806798,"Amplification","HL_gain",806797
"METAPRISM","MP-0868-D01","MP-0868-D10","10",102,60,9,2.511,3.665,77,2.511,NA,47595439,48025639,0.411,38,NA,"DUP",430201,"Amplification","HL_gain",430200
"METAPRISM","MP-0868-D01","MP-0868-D10","10",104,71,5,2.575,4.752,78,2.575,NA,51225003,51592516,0.411,39,NA,"DUP",367514,"Amplification","HL_gain",367513
"METAPRISM","MP-0888-D01","MP-0888-D10","17",63,316,4,2.013,3.897,32,2.013,NA,37729978,38240292,0.28,26,NA,"DUP",510315,"Amplification","HL_gain",510314
"METAPRISM","MP-0897-D01","MP-0897-D10","1",4,475,16,2.218,6.435,88,2.218,6.435,39696847,40506534,0.46,26,1,"DUP",809688,"Amplification","HL_gain",809687
"METAPRISM","MP-0897-D01","MP-0897-D10","9",55,165,17,1.583,4.285,84,1.578,4.33,3824172,4861224,0.46,16,1,"DUP",1037053,"Amplification","HL_gain",1037052
"METAPRISM","MP-0897-D01","MP-0897-D10","9",57,78,14,2.037,2.514,85,2.037,NA,6669016,7799757,0.46,23,NA,"DUP",1130742,"Amplification","HL_gain",1130741
"METAPRISM","MP-0897-D01","MP-0897-D10","17",118,138,4,2.137,3.683,87,2.153,NA,30594785,31048237,0.46,25,NA,"DUP",453453,"Amplification","HL_gain",453452
"METAPRISM","MP-0897-D01","MP-0897-D10","17",123,197,3,2.177,3.609,87,2.153,NA,37700497,37992333,0.46,26,NA,"DUP",291837,"Amplification","HL_gain",291836
"METAPRISM","MP-0897-D01","MP-0897-D10","17",125,370,40,2.15,3.655,86,2.153,3.655,39333577,39785348,0.46,25,2,"DUP",451772,"Amplification","HL_gain",451771
"METAPRISM","MP-0897-D01","MP-0897-D10","19",138,379,31,1.591,4.586,84,1.578,4.33,39039172,39589639,0.46,16,1,"DUP",550468,"Amplification","HL_gain",550467
"METAPRISM","MP-0897-D01","MP-0897-D10","19",139,317,26,2.42,7.284,89,2.42,7.284,39589803,39991373,0.46,31,1,"DUP",401571,"Amplification","HL_gain",401570
"METAPRISM","MP-0897-D01","MP-0897-D10","19",140,433,32,1.565,4.183,84,1.578,4.33,39994761,40781323,0.46,16,1,"DUP",786563,"Amplification","HL_gain",786562
"METAPRISM","MP-0898-D01","MP-0898-D10","12",28,137,10,2.75,6.721,19,2.74,NA,1740615,2229690,0.626,22,NA,"DUP",489076,"Amplification","HL_gain",489075
"METAPRISM","MP-0906-D01","MP-0906-D10","10",45,89,6,2.011,6.255,53,2.011,NA,32477277,33018420,0.75,15,NA,"DUP",541144,"Amplification","HL_gain",541143
"METAPRISM","MP-0910-D01","MP-0910-D10","12",38,52,2,2.809,3.156,28,2.809,NA,67663407,68056494,0.387,40,NA,"DUP",393088,"Amplification","HL_gain",393087
"METAPRISM","MP-0915-D01","MP-0915-D10","17",74,128,6,2.046,2.951,34,2.046,NA,12569443,13504477,0.414,21,NA,"DUP",935035,"Amplification","HL_gain",935034
"METAPRISM","MP-0922-D01","MP-0922-D10","11",49,464,53,1.131,1.87,35,1.131,1.87,68452476,70282686,0.23,17,1,"DUP",1830211,"Amplification","HL_gain",1830210
"METAPRISM","MP-0933-D01","MP-0933-D10","8",41,58,5,2.4,6.775,62,2.4,NA,107228007,107805791,0.655,21,NA,"DUP",577785,"Amplification","HL_gain",577784
"METAPRISM","MP-0933-D01","MP-0933-D10","8",45,25,0,2.658,0,65,2.622,NA,116209672,116635762,0.655,25,NA,"DUP",426091,"Amplification","HL_gain",426090
"METAPRISM","MP-0933-D01","MP-0933-D10","8",47,37,2,3.048,7.355,67,3.048,NA,117859684,118165333,0.655,33,NA,"DUP",305650,"Amplification","HL_gain",305649
"METAPRISM","MP-0933-D01","MP-0933-D10","8",51,47,5,2.493,6.78,63,2.493,NA,122626435,124054431,0.655,22,NA,"DUP",1427997,"Amplification","HL_gain",1427996
"METAPRISM","MP-0933-D01","MP-0933-D10","8",56,29,6,3.269,10.076,69,3.269,NA,128033221,129839394,0.655,39,NA,"DUP",1806174,"Amplification","HL_gain",1806173
"METAPRISM","MP-0934-D01","MP-0934-D10","8",21,393,12,2.642,6.2,24,2.642,NA,37554819,38775420,0.758,15,NA,"DUP",1220602,"Amplification","HL_gain",1220601
"METAPRISM","MP-0936-D01","MP-0936-D10","12",30,84,6,1.695,2.983,16,1.695,NA,67706543,69203058,0.3,19,NA,"DUP",1496516,"Amplification","HL_gain",1496515
"METAPRISM","MP-0936-D01","MP-0936-D10","12",32,174,6,2.001,3.934,17,2.001,NA,69633469,71003584,0.3,25,NA,"DUP",1370116,"Amplification","HL_gain",1370115
"METAPRISM","MP-0940-D01","MP-0940-D10","12",61,249,14,3.391,15.75,61,3.391,NA,58068572,59313997,0.878,31,NA,"DUP",1245426,"Amplification","HL_gain",1245425
"METAPRISM","MP-0941-D01","MP-0941-D10","X",94,394,2,3.125,-0.02,47,3.125,NA,48324497,49355498,0.665,17,NA,"DUP",1031002,"Amplification","HL_gain",1031001
"METAPRISM","MP-0949-D01","MP-0949-D10","17",54,188,4,4.397,12.606,26,4.397,NA,37761869,38080457,0.657,83,NA,"DUP",318589,"Amplification","HL_gain",318588
"METAPRISM","MP-0953-D02","MP-0953-D10","8",60,247,16,2.218,2.44,64,2.218,2.44,100729526,101981711,0.637,17,3,"DUP",1252186,"Amplification","HL_gain",1252185
"METAPRISM","MP-0953-D02","MP-0953-D10","8",61,50,1,3.45,3.938,66,3.45,NA,102212199,102731944,0.637,41,NA,"DUP",519746,"Amplification","HL_gain",519745
"METAPRISM","MP-0953-D02","MP-0953-D10","8",62,118,4,2.494,3.062,65,2.494,NA,102884249,103373920,0.637,21,NA,"DUP",489672,"Amplification","HL_gain",489671
"METAPRISM","MP-0957-D01","MP-0957-D10","11",21,257,27,1.432,2.224,28,1.432,2.224,77301101,78443543,0.262,20,2,"DUP",1142443,"Amplification","HL_gain",1142442
"METAPRISM","MP-0957-D01","MP-0957-D10","11",23,12,1,1.213,0.403,27,1.213,NA,78780959,79700694,0.262,16,NA,"DUP",919736,"Amplification","HL_gain",919735
"METAPRISM","MP-0958-D02","MP-0958-D10","19",46,218,26,1.322,1.83,29,1.322,1.83,35454606,35843416,0.244,17,2,"DUP",388811,"Amplification","HL_gain",388810
"METAPRISM","MP-0967-D01","MP-0967-D10","17",124,529,61,2.203,5.918,61,2.203,5.918,38288399,39383454,0.56,19,1,"DUP",1095056,"Amplification","HL_gain",1095055
"METAPRISM","MP-0967-D01","MP-0967-D10","17",125,480,63,2.802,7.609,62,2.802,7.609,39388812,40101550,0.56,30,1,"DUP",712739,"Amplification","HL_gain",712738
"METAPRISM","MP-0970-D01","MP-0970-D10","10",40,82,1,2.311,2.643,34,2.311,NA,76132161,76854633,0.664,19,NA,"DUP",722473,"Amplification","HL_gain",722472
"METAPRISM","MP-0974-D01","MP-0974-D10","19",68,407,37,2.552,4.245,38,2.552,4.245,51869446,52817593,0.507,29,3,"DUP",948148,"Amplification","HL_gain",948147
"METAPRISM","MP-0975-D01","MP-0975-D10","8",27,15,4,3.994,3.586,38,3.994,NA,128428062,128753250,0.475,83,NA,"DUP",325189,"Amplification","HL_gain",325188
"METAPRISM","MP-0975-D01","MP-0975-D10","8",29,35,3,3.817,12.11,36,3.817,NA,131104191,131414205,0.475,73,NA,"DUP",310015,"Amplification","HL_gain",310014
"METAPRISM","MP-0979-D01","MP-0979-D10","18",84,57,9,3.606,26.139,49,3.606,NA,357464,688594,0.824,26,NA,"DUP",331131,"Amplification","HL_gain",331130
"METAPRISM","MP-0983-D01","MP-0983-D10","9",69,258,21,3.497,10.613,91,3.497,10.613,35313930,35719111,0.708,41,1,"DUP",405182,"Amplification","HL_gain",405181
"METAPRISM","MP-0985-D01","MP-0985-D10","13",39,101,2,3.283,10.072,37,3.283,NA,26624926,27745715,0.827,35,NA,"DUP",1120790,"Amplification","HL_gain",1120789
"METAPRISM","MP-0985-D01","MP-0985-D10","13",41,126,19,3.607,12.524,38,3.607,12.524,27998876,28644830,0.827,44,1,"DUP",645955,"Amplification","HL_gain",645954
"METAPRISM","MP-0985-D01","MP-0985-D10","13",47,436,25,4.661,11.032,41,4.661,11.032,113030774,114322107,0.827,91,3,"DUP",1291334,"Amplification","HL_gain",1291333
"METAPRISM","MP-0985-D01","MP-0985-D10","13",48,66,10,4.227,8.898,40,4.227,NA,114322489,114624095,0.827,68,NA,"DUP",301607,"Amplification","HL_gain",301606
"METAPRISM","MP-0987-D02","MP-0987-D10","19",46,632,49,2.451,4.493,28,2.451,4.493,13446745,15027617,0.896,20,2,"DUP",1580873,"Amplification","HL_gain",1580872
"METAPRISM","MP-0988-D01","MP-0988-D10","8",50,209,4,3.012,6.188,74,3.012,NA,37553639,38068056,0.83,28,NA,"DUP",514418,"Amplification","HL_gain",514417
"METAPRISM","MP-0988-D01","MP-0988-D10","8",52,139,6,2.578,4.472,72,2.578,NA,38105456,38386224,0.83,21,NA,"DUP",280769,"Amplification","HL_gain",280768
"METAPRISM","MP-0988-D01","MP-0988-D10","12",93,463,27,2.926,6.014,73,2.926,6.014,57882064,59284594,0.83,27,2,"DUP",1402531,"Amplification","HL_gain",1402530
"METAPRISM","MP-0989-D01","MP-0989-D10","17",40,363,33,1.897,2.911,26,1.897,2.911,48351861,48941420,0.493,17,2,"DUP",589560,"Amplification","HL_gain",589559
"METAPRISM","MP-0992-D01","MP-0992-D10","15",117,169,9,2.484,3.956,102,2.484,NA,45248954,45965862,0.566,26,NA,"DUP",716909,"Amplification","HL_gain",716908
"METAPRISM","MP-1005-D01","MP-1005-D10","17",41,109,4,3.177,6.929,24,3.177,NA,60558428,61278194,0.734,22,NA,"DUP",719767,"Amplification","HL_gain",719766
"METAPRISM","MP-1006-D01","MP-1006-D10","1",3,341,35,1.955,3.801,36,1.955,3.801,119427390,120612275,0.441,15,1,"DUP",1184886,"Amplification","HL_gain",1184885
"METAPRISM","MP-1006-D01","MP-1006-D10","6",15,217,18,2.634,6.199,38,2.634,6.199,10556687,11306381,0.441,25,1,"DUP",749695,"Amplification","HL_gain",749694
"METAPRISM","MP-1006-D01","MP-1006-D10","17",61,797,68,2.11,3.373,37,2.11,3.373,36288088,37895284,0.441,17,1,"DUP",1607197,"Amplification","HL_gain",1607196
"METAPRISM","MP-1013-D01","MP-1013-D10","19",58,444,32,2.617,5.006,45,2.617,5.006,40331359,41712238,0.804,16,1,"DUP",1380880,"Amplification","HL_gain",1380879
"METAPRISM","MP-1013-D01","MP-1013-D10","19",61,532,37,3.054,6.684,47,3.054,6.684,57760058,59063473,0.804,22,1,"DUP",1303416,"Amplification","HL_gain",1303415
"METAPRISM","MP-1024-D01","MP-1024-D10","4",40,17,0,1.723,0,52,1.723,NA,66439421,68214402,0.692,15,NA,"DUP",1774982,"Amplification","HL_gain",1774981
"METAPRISM","MP-1028-D01","MP-1028-D10","3",14,124,5,1.649,3.026,47,1.646,NA,41252653,42192989,0.414,18,NA,"DUP",940337,"Amplification","HL_gain",940336
"METAPRISM","MP-1028-D01","MP-1028-D10","8",52,283,23,1.59,2.448,46,1.59,2.448,100654042,102381762,0.414,17,2,"DUP",1727721,"Amplification","HL_gain",1727720
"METAPRISM","MP-1028-D01","MP-1028-D10","8",55,74,7,2.78,6.029,50,2.785,NA,105257130,105839628,0.414,42,NA,"DUP",582499,"Amplification","HL_gain",582498
"METAPRISM","MP-1028-D01","MP-1028-D10","8",60,55,1,1.646,3.546,47,1.646,NA,113484716,113871598,0.414,17,NA,"DUP",386883,"Amplification","HL_gain",386882
"METAPRISM","MP-1028-D01","MP-1028-D10","8",62,14,0,1.95,0,48,1.95,NA,114388898,115331146,0.414,22,NA,"DUP",942249,"Amplification","HL_gain",942248
"METAPRISM","MP-1030-D01","MP-1030-D10","X",99,42,0,3.268,0,51,3.268,NA,66594543,67353464,0.42,27,NA,"DUP",758922,"Amplification","HL_gain",758921
"METAPRISM","MP-1031-D01","MP-1031-D10","X",103,31,0,4.815,0,43,4.815,NA,65817853,66943711,0.841,58,NA,"DUP",1125859,"Amplification","HL_gain",1125858
