fpr,tpr,thresholds
0.0,0.0,inf
0.0,0.038391224862888484,1.0
0.0,0.043875685557586835,0.9999903846508763
0.0,0.044789762340036565,0.9999896800825593
0.0,0.054844606946983544,0.9999872254924759
0.0,0.05758683729433273,0.9999556299158566
0.0,0.06307129798903108,0.9999122807017543
0.0,0.06398537477148081,0.9999075765941382
0.0,0.06946983546617916,0.9998907103825136
0.0,0.07038391224862889,0.9998882557924302
0.0,0.07221206581352833,0.9998790924095214
0.0,0.07312614259597806,0.9998753894080998
0.0,0.07586837294332724,0.9998550724637681
0.0,0.07769652650822668,0.9998268398268398
0.0,0.08043875685557587,0.9998021293348397
0.0,0.08226691042047532,0.9997859241760572
0.0,0.08409506398537477,0.9997849462365591
0.0,0.09049360146252285,0.9997175502093535
0.0,0.09414990859232175,0.9997163120567376
0.0,0.09872029250457039,0.9996599992005372
0.0,0.10146252285191956,0.9996594539463249
0.0,0.11060329067641682,0.9995204402515723
0.0,0.11243144424131626,0.9995012582932967
0.0,0.12157221206581353,0.9993943879654636
0.0,0.12431444241316271,0.9993939393939394
0.0,0.14351005484460694,0.9990235719890271
0.0,0.1453382084095064,0.9990152618076494
0.0,0.1846435100548446,0.9973618270592969
6.446621970087674e-05,0.1846435100548446,0.9972883976898188
6.446621970087674e-05,0.21663619744058502,0.9944862633707391
6.446621970087674e-05,0.21846435100548445,0.9944483026383654
6.446621970087674e-05,0.21937842778793418,0.9941930327104141
6.446621970087674e-05,0.22120658135283364,0.994186098907704
6.446621970087674e-05,0.3555758683729433,0.9372382014779047
0.00012893243940175349,0.3555758683729433,0.9370320353908579
0.00012893243940175349,0.3583180987202925,0.9348748691220277
0.00019339865910263023,0.3583180987202925,0.9347452100814752
0.00019339865910263023,0.360146252285192,0.9338377858240368
0.00025786487880350697,0.360146252285192,0.9335475751223576
0.00025786487880350697,0.38391224862888484,0.9216263143262627
0.0003223310985043837,0.38391224862888484,0.9214289484543893
0.0003223310985043837,0.3903107861060329,0.918954580476362
0.00038679731820526046,0.3903107861060329,0.9179477415362393
0.00038679731820526046,0.3921389396709324,0.9169108787729825
0.0004512635379061372,0.3921389396709324,0.9167472868698477
0.0004512635379061372,0.42230347349177333,0.8967484204652348
0.0005157297576070139,0.42230347349177333,0.8955285176702338
0.0005157297576070139,0.42413162705667273,0.8943623712885329
0.0005801959773078907,0.42413162705667273,0.8938015815650736
0.0005801959773078907,0.44881170018281535,0.8797488172217066
0.0006446621970087674,0.44881170018281535,0.8797472502008213
0.0006446621970087674,0.4515539305301645,0.8788322943486329
0.0007091284167096442,0.4515539305301645,0.8787303513770104
0.0007091284167096442,0.46983546617915906,0.8669867643764241
0.0007735946364105209,0.46983546617915906,0.8668681082214791
0.0007735946364105209,0.4744058500914077,0.8647685142929572
0.0008380608561113977,0.4744058500914077,0.8647329670874179
0.0008380608561113977,0.4926873857404022,0.856012180274735
0.0009025270758122744,0.4926873857404022,0.8523633709120509
0.0009025270758122744,0.4990859232175503,0.8494164581270706
0.0009669932955131511,0.4990859232175503,0.845642656689426
0.0009669932955131511,0.5045703839122486,0.8403862178897136
0.0010314595152140279,0.5045703839122486,0.8381897395415489
0.0010314595152140279,0.5082266910420475,0.8355398929513147
0.0010959257349149045,0.5082266910420475,0.8354573809072379
0.0010959257349149045,0.5182815356489945,0.8287315255025895
0.0011603919546157814,0.5182815356489945,0.8277459944657931
0.0011603919546157814,0.5210237659963437,0.8244466570137952
0.001224858174316658,0.5210237659963437,0.8237186518007763
0.001224858174316658,0.5365630712979891,0.812608391578337
0.0012893243940175349,0.5365630712979891,0.8118398652031478
0.0012893243940175349,0.5502742230347349,0.8026770338140927
0.0013537906137184115,0.5502742230347349,0.8022960041649662
0.0013537906137184115,0.5521023765996343,0.8014600077532491
0.0014182568334192883,0.5521023765996343,0.8008852891936554
0.0014182568334192883,0.556672760511883,0.7990802074595481
0.001482723053120165,0.556672760511883,0.7989092442850941
0.001482723053120165,0.5575868372943327,0.7984266622215935
0.0015471892728210418,0.5575868372943327,0.7977079344530201
0.0015471892728210418,0.5585009140767825,0.7959060146399579
0.0016116554925219185,0.5585009140767825,0.7955542126488644
0.0016116554925219185,0.5594149908592322,0.7951968788456444
0.0016761217122227953,0.5594149908592322,0.7949234124594455
0.0016761217122227953,0.5612431444241316,0.7942004360121925
0.001740587931923672,0.5612431444241316,0.7940844000745055
0.001740587931923672,0.5621572212065814,0.7934731977324151
0.0018050541516245488,0.5621572212065814,0.7924522171326341
0.0018050541516245488,0.5648994515539305,0.7905126069293074
0.0018695203713254254,0.5648994515539305,0.7894747393536777
0.0018695203713254254,0.5658135283363802,0.7887298949943499
0.0019339865910263023,0.5658135283363802,0.7882393795070352
0.0019339865910263023,0.573126142595978,0.7838010935459183
0.001998452810727179,0.573126142595978,0.7812474850675413
0.001998452810727179,0.576782449725777,0.7799754077786221
0.0020629190304280558,0.576782449725777,0.778651459206919
0.0020629190304280558,0.5804387568555759,0.776760018905678
0.0021273852501289326,0.5804387568555759,0.7762789754924393
0.0021273852501289326,0.5840950639853748,0.7753406505308518
0.002191851469829809,0.5840950639853748,0.7749502235864452
0.002191851469829809,0.5868372943327239,0.7726606915020972
0.002256317689530686,0.5868372943327239,0.7726361106380102
0.002256317689530686,0.593235831809872,0.7700878932201691
0.0023207839092315627,0.593235831809872,0.769673973367882
0.0023207839092315627,0.5950639853747715,0.7693056344413726
0.002449716348633316,0.5950639853747715,0.76482155141905
0.002449716348633316,0.5959780621572212,0.7648163761331574
0.002514182568334193,0.5959780621572212,0.764275947369145
0.002514182568334193,0.6005484460694699,0.7618398770607929
0.0026431150077359466,0.6005484460694699,0.7597629010068752
0.0026431150077359466,0.6023765996343693,0.7587663171770739
0.002707581227436823,0.6023765996343693,0.7587562063003923
0.002707581227436823,0.603290676416819,0.757879896383
0.0029009798865394535,0.603290676416819,0.7572223672841235
0.0029009798865394535,0.6051188299817185,0.7563830853821439
0.00296544610624033,0.6060329067641682,0.756225704016959
0.00296544610624033,0.6069469835466179,0.7559277267048214
0.00315884476534296,0.6069469835466179,0.7535281116311502
0.00315884476534296,0.6096892138939671,0.7522605596632108
0.003223310985043837,0.6096892138939671,0.7520295587363216
0.003223310985043837,0.6170018281535649,0.7494299023280689
0.0032877772047447138,0.6170018281535649,0.7482173471366221
0.0032877772047447138,0.6179159049360147,0.7474468595108175
0.0033522434244455906,0.6179159049360147,0.7467201230240484
0.0033522434244455906,0.6215722120658135,0.7447614708125639
0.003416709644146467,0.6215722120658135,0.7438184733284584
0.003416709644146467,0.6224862888482633,0.743496318658301
0.0035456420835482208,0.6224862888482633,0.7432388370746134
0.0035456420835482208,0.6279707495429616,0.739286938348306
0.0036101083032490976,0.6279707495429616,0.7383805037844012
0.0036101083032490976,0.6288848263254113,0.7383788665053249
0.003739040742650851,0.6288848263254113,0.737498700995662
0.003739040742650851,0.6307129798903108,0.7355085412035659
0.0038035069623517277,0.6307129798903108,0.7351711377293081
0.0038035069623517277,0.6325411334552102,0.7348863155372238
0.0038679731820526046,0.6325411334552102,0.7345255332465921
0.0038679731820526046,0.6343692870201096,0.7331119992709173
0.003932439401753481,0.6343692870201096,0.732957949011382
0.003932439401753481,0.6416819012797075,0.7305867800962604
0.004061371841155234,0.6416819012797075,0.7299927090886257
0.004061371841155234,0.6453382084095064,0.726109248342547
0.004190304280556988,0.6453382084095064,0.7249477962115701
0.004190304280556988,0.6480804387568556,0.7238055826343157
0.004319236719958742,0.6480804387568556,0.7232700398721238
0.004319236719958742,0.6563071297989032,0.7201189769701012
0.004383702939659618,0.6563071297989032,0.7200966894675588
0.004383702939659618,0.6645338208409507,0.7162243851728063
0.004512635379061372,0.6645338208409507,0.7149449016516711
0.004512635379061372,0.6663619744058501,0.7143375843757974
0.0046415678184631255,0.6663619744058501,0.7137293413794851
0.0046415678184631255,0.6672760511882998,0.7136850067583701
0.004706034038164002,0.6672760511882998,0.7133857580815012
0.004706034038164002,0.6681901279707495,0.7128370124833651
0.004770500257864879,0.6681901279707495,0.7123459746262947
0.004770500257864879,0.670018281535649,0.7089317118256916
0.004834966477565756,0.670018281535649,0.7089252805575179
0.004834966477565756,0.6709323583180987,0.7086038092429585
0.004899432697266632,0.6709323583180987,0.7074071648127812
0.004899432697266632,0.6727605118829981,0.70653749563718
0.004963898916967509,0.6727605118829981,0.7064412958404757
0.004963898916967509,0.6755027422303473,0.7050455205903908
0.005157297576070139,0.6755027422303473,0.7018586150738888
0.005157297576070139,0.676416819012797,0.7015540001641656
0.005221763795771016,0.676416819012797,0.6996921582789895
0.005221763795771016,0.6773308957952467,0.6996589977250377
0.005286230015471893,0.6773308957952467,0.6995391925106937
0.005286230015471893,0.680073126142596,0.6978352863120424
0.005415162454873646,0.680073126142596,0.6962208166778227
0.005415162454873646,0.6809872029250457,0.6949179991230918
0.005479628674574523,0.6809872029250457,0.6943823094754946
0.005479628674574523,0.6819012797074955,0.6942056601958944
0.0055440948942754,0.6819012797074955,0.6939164138774824
0.0055440948942754,0.6837294332723949,0.6927763949490745
0.005608561113976276,0.6837294332723949,0.6927215487380033
0.005608561113976276,0.6873857404021938,0.6896644257713976
0.005673027333677153,0.6873857404021938,0.6879138291279271
0.005673027333677153,0.696526508226691,0.6830263772029539
0.005801959773078907,0.696526508226691,0.6810415914547029
0.005801959773078907,0.6974405850091407,0.6798075811497569
0.00593089221248066,0.6974405850091407,0.6775131605201676
0.00593089221248066,0.6983546617915904,0.6762371647378439
0.005995358432181537,0.6983546617915904,0.676010343202538
0.005995358432181537,0.7010968921389397,0.6751706918080279
0.006059824651882414,0.7010968921389397,0.6733879713566298
0.006059824651882414,0.7020109689213894,0.6720518299721273
0.006188757091284167,0.7020109689213894,0.6693801630552269
0.006188757091284167,0.7038391224862889,0.6664836859740592
0.006253223310985044,0.7038391224862889,0.6655144439973081
0.006253223310985044,0.7047531992687386,0.6653181894734438
0.00631768953068592,0.7047531992687386,0.664854545635598
0.00631768953068592,0.7093235831809872,0.661886424256515
0.0063821557503867974,0.7093235831809872,0.6612029357980633
0.0063821557503867974,0.7111517367458866,0.6609701240509935
0.006446621970087674,0.7111517367458866,0.6604027798563636
0.006446621970087674,0.7120658135283364,0.6603032875520416
0.006511088189788551,0.7120658135283364,0.6597811089221806
0.006511088189788551,0.7129798903107861,0.659652244167511
0.0065755544094894276,0.7129798903107861,0.6592465943808639
0.0065755544094894276,0.7138939670932358,0.6591406801658574
0.006640020629190304,0.7138939670932358,0.6586843693467106
0.006640020629190304,0.7157221206581352,0.6578352962300573
0.007026817947395565,0.7157221206581352,0.6535116297231754
0.007026817947395565,0.716636197440585,0.6515713749025545
0.0070912841670964415,0.716636197440585,0.6504459864942996
0.0070912841670964415,0.720292504570384,0.647418870130546
0.007155750386797318,0.720292504570384,0.6470706755938739
0.007155750386797318,0.7212065813528337,0.6460013746557085
0.007284682826199072,0.7212065813528337,0.6457912692363172
0.007284682826199072,0.7230347349177331,0.6455285436177719
0.007349149045899948,0.7230347349177331,0.6449101299267587
0.007349149045899948,0.7239488117001828,0.6441907146698104
0.007542547705002579,0.7239488117001828,0.6433744891309356
0.007542547705002579,0.726691042047532,0.6405161315648079
0.0076070139247034554,0.726691042047532,0.6394879919201447
0.0076070139247034554,0.7276051188299817,0.6392427905052804
0.007671480144404332,0.7276051188299817,0.639017267445878
0.007671480144404332,0.7294332723948812,0.6387705925672457
0.00792934502320784,0.7294332723948812,0.6366756139563862
0.00792934502320784,0.7330895795246801,0.6342709058202372
0.007993811242908716,0.7330895795246801,0.6339744918558374
0.007993811242908716,0.7340036563071298,0.632468175040942
0.008058277462609592,0.7340036563071298,0.6309195920556826
0.008058277462609592,0.7349177330895795,0.6303626670275102
0.008122743682310469,0.7349177330895795,0.6297888437868696
0.008122743682310469,0.7358318098720292,0.6294960671974259
0.008187209902011347,0.7358318098720292,0.6284869276319924
0.008187209902011347,0.7394881170018281,0.6269840467558812
0.008251676121712223,0.7394881170018281,0.6268928055874387
0.008251676121712223,0.7413162705667276,0.6260252858919189
0.00870293965961836,0.7413162705667276,0.6232236197679086
0.00870293965961836,0.7422303473491774,0.623176661103139
0.008767405879319236,0.7422303473491774,0.6230948478609577
0.008767405879319236,0.7431444241316271,0.6225817640533449
0.008960804538421867,0.7431444241316271,0.620454901398656
0.008960804538421867,0.7440585009140768,0.620409392326083
0.009283135636926251,0.7440585009140768,0.6168340583008236
0.009283135636926251,0.7449725776965265,0.6161707936394223
0.009347601856627127,0.7449725776965265,0.6159813475430066
0.009347601856627127,0.7458866544789763,0.6153225093258166
0.009412068076328004,0.7458866544789763,0.6147113523889925
0.009412068076328004,0.7477148080438757,0.6128491643977597
0.00947653429602888,0.7477148080438757,0.6128337697104443
0.00947653429602888,0.7486288848263254,0.6126888552555365
0.009541000515729758,0.7486288848263254,0.6123876875880269
0.009541000515729758,0.7504570383912249,0.609718986425204
0.009669932955131511,0.7504570383912249,0.6091414932568476
0.009669932955131511,0.7513711151736746,0.6089948621289983
0.009992264053635895,0.7513711151736746,0.6067971337899849
0.009992264053635895,0.7522851919561243,0.6064380272043006
0.010056730273336771,0.7522851919561243,0.606204904503064
0.010056730273336771,0.7541133455210237,0.6037820231627241
0.010121196493037648,0.7541133455210237,0.6035534209336157
0.010121196493037648,0.7568555758683729,0.6030218716579437
0.010379061371841155,0.7568555758683729,0.6014233120692577
0.010379061371841155,0.7577696526508226,0.6013749356268222
0.010443527591542032,0.7577696526508226,0.6002315593368437
0.010443527591542032,0.7605118829981719,0.5985466945286774
0.010507993811242908,0.7605118829981719,0.5973616139360369
0.010507993811242908,0.7614259597806216,0.5969606204856801
0.010572460030943786,0.7614259597806216,0.5967526177991465
0.010572460030943786,0.7632541133455211,0.5959138225823862
0.010765858690046416,0.7632541133455211,0.5955795614066195
0.010765858690046416,0.7641681901279708,0.5951627613922801
0.010830324909747292,0.7641681901279708,0.5951308592340329
0.010830324909747292,0.7650822669104205,0.5947240482882638
0.010959257349149047,0.7650822669104205,0.5941933312970585
0.010959257349149047,0.7669104204753199,0.5927587477331632
0.0110881897885508,0.7669104204753199,0.5906242655741282
0.0110881897885508,0.7678244972577697,0.5904987203857612
0.011152656008251676,0.7678244972577697,0.5902942950034397
0.011152656008251676,0.7687385740402194,0.5898591389296853
0.01128158844765343,0.7687385740402194,0.588580747049443
0.01128158844765343,0.7696526508226691,0.5882384159490386
0.011346054667354307,0.7696526508226691,0.5880797300840382
0.011346054667354307,0.7714808043875686,0.5875666851380773
0.01166838576585869,0.7714808043875686,0.5833721816042335
0.01166838576585869,0.7723948811700183,0.5832229253412048
0.011926250644662196,0.7723948811700183,0.5822142535252184
0.011926250644662196,0.773308957952468,0.58215647148048
0.012828777720474471,0.773308957952468,0.5721901533026925
0.012828777720474471,0.7751371115173674,0.5705464672213564
0.012957710159876224,0.7751371115173674,0.5678277669135438
0.012957710159876224,0.7760511882998172,0.5676688508620994
0.013086642599277979,0.7760511882998172,0.5664753575393324
0.013086642599277979,0.7778793418647166,0.5652890421424291
0.013215575038679732,0.7778793418647166,0.5650060741914518
0.013215575038679732,0.779707495429616,0.5647394852823819
0.013408973697782363,0.779707495429616,0.564005929793143
0.013408973697782363,0.7842778793418648,0.5608510955077831
0.013731304796286746,0.7842778793418648,0.5577550335807365
0.013731304796286746,0.7851919561243145,0.5568709009492374
0.013924703455389376,0.7851919561243145,0.555945012861489
0.013924703455389376,0.7879341864716636,0.5548539897517275
0.013989169675090252,0.7879341864716636,0.5541502218843307
0.013989169675090252,0.7888482632541134,0.5537084398084436
0.014118102114492007,0.7888482632541134,0.5533733519107122
0.014118102114492007,0.7906764168190128,0.5525564999705685
0.01424703455389376,0.7906764168190128,0.55248831468632
0.01424703455389376,0.7915904936014625,0.5523804641458478
0.014762764311500774,0.7915904936014625,0.5491491938043599
0.014762764311500774,0.7925045703839122,0.547415570670857
0.014956162970603403,0.7925045703839122,0.5441262791618572
0.014956162970603403,0.793418647166362,0.5428019137735125
0.01502062919030428,0.793418647166362,0.5425454047187619
0.01502062919030428,0.7952468007312614,0.5415715984664496
0.015214027849406911,0.7952468007312614,0.5404959479953313
0.015214027849406911,0.7970749542961609,0.5384608662829626
0.01540742650850954,0.7970749542961609,0.5376085401464391
0.01540742650850954,0.7989031078610603,0.5362443897064195
0.015471892728210418,0.7989031078610603,0.5353940315796829
0.015471892728210418,0.79981718464351,0.5336236845574983
0.0157942238267148,0.79981718464351,0.5283736336828943
0.0157942238267148,0.8007312614259597,0.5281299794920086
0.01585869004641568,0.8007312614259597,0.5278435525063148
0.01585869004641568,0.8016453382084096,0.527671050330227
0.01605208870551831,0.8016453382084096,0.5247121913802164
0.01605208870551831,0.8025594149908593,0.5245887454166793
0.016245487364620937,0.8025594149908593,0.51973314632035
0.016245487364620937,0.803473491773309,0.5196673352871346
0.016309953584321815,0.803473491773309,0.518818681882949
0.016309953584321815,0.8043875685557587,0.5184929762166653
0.016374419804022693,0.8043875685557587,0.5182437410379366
0.016374419804022693,0.8053016453382084,0.5182330542404056
0.016438886023723568,0.8053016453382084,0.5178181518009309
0.016438886023723568,0.8071297989031079,0.5166773586715815
0.016503352243424446,0.8071297989031079,0.516231913629094
0.016503352243424446,0.8080438756855576,0.5162238512393454
0.0166322846828262,0.8080438756855576,0.5153211946302874
0.0166322846828262,0.8098720292504571,0.5141941253710718
0.016696750902527077,0.8098720292504571,0.5124392930877842
0.016696750902527077,0.8107861060329068,0.5124344916008329
0.01721248066013409,0.8107861060329068,0.5095433807021762
0.01721248066013409,0.8117001828153565,0.5089870021596694
0.017276946879834967,0.8117001828153565,0.5088606514282578
0.017276946879834967,0.8126142595978062,0.5087990596280098
0.017470345538937598,0.8126142595978062,0.5066072577159951
0.017470345538937598,0.8144424131627057,0.5016523514223985
0.017534811758638472,0.8144424131627057,0.500907246573448
0.017534811758638472,0.8153564899451554,0.5005201821980975
0.017857142857142856,0.8153564899451554,0.4983522874645891
0.017857142857142856,0.8162705667276051,0.49747761837049836
0.018115007735946365,0.8162705667276051,0.495764022511797
0.018115007735946365,0.8171846435100548,0.49572901930628577
0.018630737493553377,0.8171846435100548,0.4908415606661552
0.018630737493553377,0.8180987202925045,0.49070004278725937
0.018824136152656008,0.8180987202925045,0.48992845367277454
0.018824136152656008,0.8190127970749543,0.48951225504979456
0.01895306859205776,0.8190127970749543,0.4890569592775169
0.01895306859205776,0.819926873857404,0.4890242326784878
0.01901753481175864,0.819926873857404,0.48751616235943857
0.01901753481175864,0.8226691042047533,0.4857219738475014
0.01921093347086127,0.8226691042047533,0.48312392541953414
0.01921093347086127,0.823583180987203,0.4830565350873884
0.019533264569365653,0.823583180987203,0.47930645879703926
0.019533264569365653,0.8244972577696527,0.47929765793990015
0.019597730789066528,0.8244972577696527,0.4791483686897185
0.019597730789066528,0.8254113345521024,0.4787522500685324
0.01972666322846828,0.8254113345521024,0.4785841057388833
0.01972666322846828,0.8263254113345521,0.4767237228669872
0.019920061887570912,0.8263254113345521,0.4752450078091318
0.019920061887570912,0.8272394881170019,0.4750942384671166
0.020048994326972665,0.8272394881170019,0.4736184542639566
0.020048994326972665,0.8281535648994516,0.47339610524254944
0.020113460546673543,0.8281535648994516,0.4731877143544178
0.020113460546673543,0.8290676416819013,0.47254988623306765
0.020500257864878805,0.8290676416819013,0.4689418960148575
0.020500257864878805,0.829981718464351,0.468599066753616
0.02056472408457968,0.829981718464351,0.46807660280729
0.02056472408457968,0.8308957952468007,0.46783191607738833
0.02075812274368231,0.8308957952468007,0.4666455843191458
0.02075812274368231,0.8327239488117002,0.46609354814645826
0.021015987622485816,0.8327239488117002,0.4642255570401368
0.021015987622485816,0.8336380255941499,0.46399275525235284
0.021080453842186694,0.8336380255941499,0.46396685348770395
0.021080453842186694,0.8345521023765996,0.4631589421532654
0.021402784940691078,0.8345521023765996,0.4606230387680648
0.021402784940691078,0.8363802559414991,0.45964653394856697
0.021467251160391953,0.8363802559414991,0.4594320752196057
0.021467251160391953,0.8372943327239488,0.4578244249338127
0.02159618359979371,0.8372943327239488,0.455853019272104
0.02159618359979371,0.8409506398537477,0.45443087694230155
0.021982980917998968,0.8409506398537477,0.4501207078933701
0.021982980917998968,0.8418647166361974,0.44794480282972604
0.02236977823620423,0.8418647166361974,0.44395585465420606
0.02236977823620423,0.8446069469835467,0.4428263747215729
0.02256317689530686,0.8446069469835467,0.4411301566399925
0.02256317689530686,0.8455210237659964,0.4409627737133954
0.022692109334708613,0.8455210237659964,0.43959601748591237
0.022692109334708613,0.8473491773308958,0.438083906104701
0.02398143372872615,0.8473491773308958,0.42932342817015184
0.02398143372872615,0.8482632541133455,0.4290945390964807
0.024045899948427023,0.8482632541133455,0.42902077610463596
0.024045899948427023,0.8491773308957953,0.42855737105528213
0.0241103661681279,0.8491773308957953,0.42833415749236053
0.0241103661681279,0.850091407678245,0.42819035442377507
0.024303764827230533,0.850091407678245,0.42771598065347444
0.024303764827230533,0.8528336380255942,0.4269667449945937
0.02449716348633316,0.8528336380255942,0.42646921489879475
0.02449716348633316,0.8537477148080439,0.4263338051795277
0.024883960804538422,0.8537477148080439,0.4232081966555266
0.024883960804538422,0.8546617915904936,0.4230268794929192
0.025012893243940175,0.8546617915904936,0.4228508426250425
0.025012893243940175,0.8555758683729433,0.4227730392392656
0.02527075812274368,0.8555758683729433,0.4217263887157663
0.02527075812274368,0.856489945155393,0.4217013851575829
0.02546415678184631,0.856489945155393,0.4204312591782785
0.02546415678184631,0.8583180987202925,0.4199605512252078
0.02552862300154719,0.8583180987202925,0.41986341535034727
0.02552862300154719,0.8592321755027422,0.4193448035955697
0.025593089221248064,0.8592321755027422,0.4189631206006992
0.025593089221248064,0.8601462522851919,0.418680339424038
0.02572202166064982,0.8601462522851919,0.4182494346114954
0.02572202166064982,0.8610603290676416,0.41655646651449724
0.025786487880350695,0.8610603290676416,0.416215241789399
0.025786487880350695,0.8619744058500914,0.414417568589934
0.026237751418256832,0.8619744058500914,0.4113085998943349
0.026237751418256832,0.8638025594149908,0.4089108311935161
0.02630221763795771,0.8638025594149908,0.4079862001809866
0.02630221763795771,0.8647166361974405,0.407782763277809
0.027527075812274367,0.8647166361974405,0.3993794801822373
0.027527075812274367,0.8656307129798904,0.39932317806207124
0.02810727178958226,0.8656307129798904,0.3934601459898099
0.02810727178958226,0.8665447897623401,0.3933643248580133
0.028365136668385766,0.8665447897623401,0.39212903741181127
0.028365136668385766,0.8674588665447898,0.39075770525097003
0.028751933986591028,0.8674588665447898,0.389352777327577
0.028751933986591028,0.8683729433272395,0.3889734570869345
0.028816400206291903,0.8683729433272395,0.3888471548565224
0.028816400206291903,0.8692870201096892,0.38788950667031574
0.02926766374419804,0.8692870201096892,0.38542934397043477
0.02926766374419804,0.870201096892139,0.385307900615236
0.029332129963898917,0.870201096892139,0.38420811420457807
0.029332129963898917,0.8720292504570384,0.383976413513346
0.029718927282104176,0.8720292504570384,0.3794016850379888
0.029718927282104176,0.8729433272394881,0.3789310539861554
0.030105724600309438,0.8729433272394881,0.37638010053171284
0.030105724600309438,0.8738574040219378,0.37627123891102016
0.030170190820010316,0.8738574040219378,0.3759709181292231
0.030170190820010316,0.8747714808043876,0.37551050054595025
0.03029912325941207,0.8747714808043876,0.3747369542469863
0.03029912325941207,0.8756855575868373,0.37447687472236374
0.0304925219185147,0.8756855575868373,0.37374208105536594
0.0304925219185147,0.876599634369287,0.37324847156077295
0.03087931923671996,0.876599634369287,0.3708754603426083
0.03087931923671996,0.8775137111517367,0.3707874652195926
0.03145951521402785,0.8775137111517367,0.3692108189683999
0.03145951521402785,0.8784277879341865,0.3691949409729332
0.031523981433728726,0.8784277879341865,0.3691193951558425
0.031523981433728726,0.8793418647166362,0.36910793931057884
0.03171738009283136,0.8793418647166362,0.3666434132879945
0.03171738009283136,0.8802559414990859,0.36616085178384467
0.03210417741103662,0.8802559414990859,0.36569340250790566
0.03210417741103662,0.8811700182815356,0.3644422579739285
0.03294223826714802,0.8811700182815356,0.3610444242353857
0.03294223826714802,0.8820840950639853,0.36096930845444847
0.03320010314595152,0.8820840950639853,0.3600075429861045
0.03320010314595152,0.8829981718464351,0.35794550166456385
0.03332903558535327,0.8829981718464351,0.35628217987000593
0.03332903558535327,0.8839122486288848,0.3561435141096235
0.03345796802475503,0.8839122486288848,0.3546988804744362
0.03345796802475503,0.8848263254113345,0.3544081286474593
0.03384476534296029,0.8848263254113345,0.3519032416511662
0.03384476534296029,0.886654478976234,0.350867627596911
0.033909231562661166,0.886654478976234,0.35067325208446626
0.033909231562661166,0.8875685557586838,0.3506265759220941
0.03448942753996906,0.8875685557586838,0.34741855014493556
0.03448942753996906,0.8893967093235832,0.34710988273327703
0.035134089736977826,0.8893967093235832,0.3434984886911601
0.035134089736977826,0.8903107861060329,0.34346044299793815
0.035263022176379576,0.8903107861060329,0.34303170789206916
0.035263022176379576,0.8912248628884827,0.3429600343117075
0.03558535327488396,0.8912248628884827,0.3403530798153049
0.03558535327488396,0.8921389396709324,0.3397730965583762
0.03584321815368747,0.8921389396709324,0.3393072371687087
0.03584321815368747,0.8930530164533821,0.33929497912645
0.03642341413099536,0.8930530164533821,0.33665925185344414
0.03642341413099536,0.8939670932358318,0.33650672901540135
0.03668127900979887,0.8939670932358318,0.3355776819333853
0.03668127900979887,0.8948811700182815,0.33503373472283365
0.037454873646209384,0.8948811700182815,0.33122085003044865
0.037454873646209384,0.8957952468007313,0.3306940773340351
0.037648272305312015,0.8957952468007313,0.3290436196848666
0.037648272305312015,0.896709323583181,0.32755126045018346
0.03809953584321815,0.896709323583181,0.3241342561654937
0.03809953584321815,0.8976234003656307,0.32385671836760277
0.03829293450232078,0.8976234003656307,0.3228244332514269
0.03829293450232078,0.8985374771480804,0.32270810001131683
0.039517792676637443,0.8985374771480804,0.3164391673488293
0.039517792676637443,0.8994515539305301,0.3162371850118323
0.03958225889633832,0.8994515539305301,0.3155566136981387
0.03958225889633832,0.9003656307129799,0.31555025402812187
0.03977565755544095,0.9003656307129799,0.3136739320156634
0.03977565755544095,0.9012797074954296,0.3136145269946897
0.040226921093347086,0.9012797074954296,0.31005331691425625
0.040226921093347086,0.9021937842778793,0.3098357641861929
0.041580711707065496,0.9021937842778793,0.30179244217453616
0.041580711707065496,0.903107861060329,0.30178687475541255
0.04203197524497163,0.903107861060329,0.2984659439759563
0.04203197524497163,0.9049360146252285,0.29834553660762636
0.0426766374419804,0.9049360146252285,0.2961378293337158
0.0426766374419804,0.9058500914076782,0.2951956837740257
0.04357916451779267,0.9058500914076782,0.2920392271224805
0.04357916451779267,0.906764168190128,0.2917385478133585
0.044159360495100566,0.906764168190128,0.289263259586739
0.044159360495100566,0.9076782449725777,0.28911551256224716
0.04486848891181021,0.9076782449725777,0.2850984223357612
0.04486848891181021,0.9085923217550275,0.28507960728356896
0.04577101598762249,0.9085923217550275,0.2815411655274998
0.04577101598762249,0.9095063985374772,0.28143371208182855
0.04648014440433213,0.9095063985374772,0.2765001447688497
0.04648014440433213,0.9104204753199269,0.27634632823503436
0.04699587416193914,0.9104204753199269,0.27369779845557035
0.04699587416193914,0.9113345521023766,0.2735216238181768
0.04706034038164002,0.9113345521023766,0.2734062137236122
0.04706034038164002,0.9131627056672761,0.2733267846448566
0.04783393501805054,0.9131627056672761,0.26990430953917305
0.04783393501805054,0.9149908592321755,0.2690529817908839
0.048607529654461065,0.9149908592321755,0.26634688378285426
0.048607529654461065,0.9159049360146252,0.2656837039379624
0.04886539453326457,0.9159049360146252,0.26496539812391673
0.04886539453326457,0.916819012797075,0.2643082301823125
0.04925219185146983,0.916819012797075,0.2633148127667703
0.04925219185146983,0.9177330895795247,0.2633129037662846
0.04970345538937597,0.9177330895795247,0.2614989058222388
0.04970345538937597,0.9186471663619744,0.2613712152744406
0.05041258380608561,0.9186471663619744,0.25943823663483306
0.05041258380608561,0.9195612431444241,0.25764694644148584
0.05060598246518824,0.9195612431444241,0.25722120118738817
0.05060598246518824,0.9204753199268738,0.25705649489191285
0.05092831356369262,0.9204753199268738,0.25617368934720547
0.05092831356369262,0.9213893967093236,0.25608813466322156
0.050992779783393505,0.9213893967093236,0.2560554255092496
0.050992779783393505,0.9223034734917733,0.25596313761065964
0.05208870551830841,0.9223034734917733,0.252737213293286
0.05208870551830841,0.923217550274223,0.2525666442069201
0.05324909747292419,0.923217550274223,0.2476927631877544
0.05324909747292419,0.9241316270566727,0.24751109487523143
0.053378029912325944,0.9241316270566727,0.24705939364915783
0.053378029912325944,0.9250457038391224,0.24694957438818183
0.055247550283651366,0.9250457038391224,0.23959152328300562
0.055247550283651366,0.9259597806215722,0.23953806502042643
0.05602114492006189,0.9259597806215722,0.23698244844421368
0.05602114492006189,0.926873857404022,0.2362861900016819
0.05776173285198556,0.926873857404022,0.23167254429437414
0.05776173285198556,0.9277879341864717,0.2314353174133168
0.05801959773078907,0.9277879341864717,0.23121443666266875
0.05801959773078907,0.9287020109689214,0.23117329166508513
0.05859979370809696,0.9287020109689214,0.2300657714483721
0.05872872614749871,0.9287020109689214,0.2296888962501548
0.05892212480660134,0.9287020109689214,0.22913917018263025
0.05892212480660134,0.9305301645338209,0.228356572210861
0.05943785456420835,0.9305301645338209,0.22702418422761694
0.05943785456420835,0.9314442413162706,0.22672548459516012
0.060146982980918,0.9314442413162706,0.2243047371917855
0.060146982980918,0.9323583180987203,0.2240737678057809
0.06066271273852501,0.9323583180987203,0.222340611298587
0.06066271273852501,0.93327239488117,0.22227749747174264
0.0609850438370294,0.93327239488117,0.22170116974243248
0.0609850438370294,0.9341864716636198,0.22168891964396542
0.061178442496132024,0.9341864716636198,0.22087638243507524
0.061178442496132024,0.9351005484460695,0.22084121812655202
0.06272563176895307,0.9351005484460695,0.2165492442495108
0.06272563176895307,0.9360146252285192,0.21612920250107914
0.06311242908715833,0.9360146252285192,0.21515886688218785
0.06311242908715833,0.9369287020109689,0.21508913821427803
0.0634992264053636,0.9369287020109689,0.214109965074483
0.0634992264053636,0.9378427787934186,0.21357286027659578
0.06362815884476535,0.9378427787934186,0.21333123773526033
0.06362815884476535,0.9387568555758684,0.21328683995669634
0.06582001031459515,0.9387568555758684,0.20754219119341477
0.06582001031459515,0.9396709323583181,0.20719474285825537
0.06717380092831356,0.9396709323583181,0.20325459939231108
0.06717380092831356,0.9405850091407678,0.2030161983235179
0.06768953068592058,0.9405850091407678,0.20177291004617492
0.06768953068592058,0.9414990859232175,0.2016854682170366
0.06826972666322847,0.9414990859232175,0.19897862613316925
0.06826972666322847,0.9424131627056673,0.1983206695835822
0.06852759154203197,0.9424131627056673,0.19770634167818654
0.06852759154203197,0.9442413162705667,0.1972827464823343
0.0687209902011346,0.9442413162705667,0.19598879973259406
0.0687209902011346,0.9451553930530164,0.1958517144841313
0.06904332129963899,0.9451553930530164,0.19479742719657822
0.06904332129963899,0.946983546617916,0.19459706431330223
0.07033264569365652,0.946983546617916,0.19102104812999904
0.07046157813305828,0.946983546617916,0.1909002254327203
0.07071944301186178,0.946983546617916,0.1902726565865396
0.07071944301186178,0.9478976234003657,0.19022765261826155
0.07200876740587932,0.9478976234003657,0.18731358142144233
0.07200876740587932,0.9488117001828154,0.18706422085754376
0.07278236204228984,0.9488117001828154,0.18533065282686548
0.07278236204228984,0.9497257769652651,0.1848399428122688
0.07362042289840123,0.9497257769652651,0.1815935766118275
0.07362042289840123,0.9506398537477148,0.18144802112004382
0.07387828777720475,0.9506398537477148,0.17989308591377925
0.07387828777720475,0.9515539305301646,0.17969522398412777
0.0740072202166065,0.9515539305301646,0.1796007980510611
0.0740072202166065,0.9524680073126143,0.17939761732176498
0.07413615265600826,0.9524680073126143,0.17913698948808804
0.07413615265600826,0.953382084095064,0.17844643426779966
0.07471634863331614,0.953382084095064,0.17699898077677775
0.07471634863331614,0.9542961608775137,0.17685768705896257
0.07529654461062403,0.9542961608775137,0.17607728391393695
0.07529654461062403,0.9552102376599635,0.17599524709369443
0.07536101083032491,0.9552102376599635,0.17591753896661275
0.07536101083032491,0.9561243144424132,0.1757320674258251
0.07613460546673544,0.9561243144424132,0.17480739067516693
0.07613460546673544,0.9570383912248629,0.1747860392081045
0.0795513151108819,0.9570383912248629,0.16735762032667817
0.0795513151108819,0.9579524680073126,0.1670721596172519
0.08032490974729242,0.9579524680073126,0.16513299059864478
0.08032490974729242,0.9588665447897623,0.1650949955050535
0.0814853017019082,0.9588665447897623,0.16238992463214355
0.0814853017019082,0.9597806215722121,0.16200071897749435
0.08464414646725116,0.9597806215722121,0.1540715191689094
0.08464414646725116,0.9606946983546618,0.1538727305398613
0.08483754512635379,0.9606946983546618,0.1536260691145493
0.08483754512635379,0.9616087751371115,0.15360333673728951
0.08554667354306343,0.9616087751371115,0.15248546049270315
0.08554667354306343,0.9625228519195612,0.15240998320304056
0.08735172769468798,0.9625228519195612,0.14939313509821486
0.08735172769468798,0.9634369287020109,0.14926307825063895
0.0887055183084064,0.9634369287020109,0.1465625465963906
0.0887055183084064,0.9643510054844607,0.146456666113752
0.09025270758122744,0.9643510054844607,0.1415495148219822
0.09025270758122744,0.9652650822669104,0.1414573578002899
0.09096183599793708,0.9652650822669104,0.14018313510890335
0.09096183599793708,0.9661791590493601,0.14009525089179023
0.09418514698298092,0.9661791590493601,0.13388081407625477
0.09418514698298092,0.9670932358318098,0.1337895765600097
0.09566787003610108,0.9670932358318098,0.13122600497468323
0.09566787003610108,0.9680073126142597,0.13121412284975095
0.09985817431665807,0.9680073126142597,0.12500614686380834
0.09985817431665807,0.9689213893967094,0.12479021995090225
0.10076070139247034,0.9689213893967094,0.12342291187721632
0.10076070139247034,0.9698354661791591,0.12341029178249578
0.10256575554409489,0.9698354661791591,0.11982778571219611
0.10256575554409489,0.9707495429616088,0.11981679761710884
0.1130737493553378,0.9707495429616088,0.10302320495602615
0.1130737493553378,0.9716636197440585,0.10291054905385104
0.11358947911294481,0.9716636197440585,0.10236618867499735
0.11358947911294481,0.9725776965265083,0.10235251665443235
0.11513666838576586,0.9725776965265083,0.10007384097440002
0.11513666838576586,0.973491773308958,0.10007367355799673
0.11526560082516761,0.973491773308958,0.09959012963626238
0.11526560082516761,0.9744058500914077,0.09955348620575609
0.11655492521918515,0.9744058500914077,0.09785113920970599
0.1166838576585869,0.9744058500914077,0.09781879881360118
0.12132542547705003,0.9744058500914077,0.09138861714565533
0.12132542547705003,0.9753199268738574,0.09136482847163109
0.13067302733367717,0.9753199268738574,0.08181812866068794
0.13067302733367717,0.9762340036563071,0.08170659627431248
0.1332516761217122,0.9762340036563071,0.07979187276917489
0.1332516761217122,0.9771480804387569,0.07965579976383319
0.13705518308406395,0.9771480804387569,0.0757214003148103
0.13705518308406395,0.9780621572212066,0.0757014827427472
0.13757091284167097,0.9780621572212066,0.07503449387491941
0.13757091284167097,0.9789762340036563,0.07501134967375662
0.1387957710159876,0.9789762340036563,0.07373682237520186
0.13892470345538938,0.9789762340036563,0.07373276546590463
0.15265600825167613,0.9789762340036563,0.06346966547761347
0.15265600825167613,0.979890310786106,0.06328764165671859
0.1601985559566787,0.979890310786106,0.05803229006252027
0.1601985559566787,0.9808043875685558,0.058022155564626046
0.1613589479112945,0.9808043875685558,0.05741208217251859
0.1613589479112945,0.9817184643510055,0.057366922398907894
0.1627127385250129,0.9817184643510055,0.05621695182552569
0.16284167096441465,0.9817184643510055,0.05618223400210005
0.16915936049510058,0.9817184643510055,0.052307852477425344
0.16915936049510058,0.9826325411334552,0.052293401233106024
0.1718024755028365,0.9826325411334552,0.05079736835602239
0.1718024755028365,0.9835466179159049,0.05079639531003555
0.17728210417741103,0.9835466179159049,0.04813889466749879
0.17728210417741103,0.9844606946983546,0.048138553447511896
0.18443785456420836,0.9844606946983546,0.04434688681011935
0.18443785456420836,0.9853747714808044,0.04431470275510523
0.18798349664775657,0.9853747714808044,0.042461382191907274
0.18811242908715833,0.9853747714808044,0.042436678818257766
0.1887570912841671,0.9853747714808044,0.042242002063983486
0.1887570912841671,0.9862888482632541,0.042225033738191635
0.19436565239814338,0.9862888482632541,0.04014891189891189
0.19436565239814338,0.9872029250457038,0.04013072664035437
0.19804022692109335,0.9872029250457038,0.03875819034737404
0.19804022692109335,0.9881170018281535,0.0387525159131809
0.198749355337803,0.9881170018281535,0.03853168460366603
0.198749355337803,0.9890310786106032,0.0385124747573448
0.21028880866425992,0.9890310786106032,0.03421870812114715
0.21028880866425992,0.9899451553930531,0.03418554642074403
0.2128029912325941,0.9899451553930531,0.033587029865633986
0.2128029912325941,0.9908592321755028,0.03358657059314954
0.2136410520887055,0.9908592321755028,0.03332660468018811
0.21376998452810728,0.9908592321755028,0.033309752178781835
0.2178958225889634,0.9908592321755028,0.03209757347915243
0.2178958225889634,0.9917733089579525,0.03208443588238985
0.22737235688499227,0.9917733089579525,0.028706469158082063
0.227501289324394,0.9917733089579525,0.028705868312237173
0.22879061371841156,0.9917733089579525,0.028371450352582428
0.22879061371841156,0.9926873857404022,0.02835966810966811
0.2364620938628159,0.9926873857404022,0.026884859206840635
0.23659102630221765,0.9926873857404022,0.026883116883116884
0.2377514182568334,0.9926873857404022,0.026689212460326295
0.23788035069623517,0.9926873857404022,0.026689095928226367
0.2389118102114492,0.9926873857404022,0.026450353189483626
0.23904074265085096,0.9926873857404022,0.02643373138729176
0.24045899948427024,0.9926873857404022,0.026065728284819137
0.24045899948427024,0.993601462522852,0.02605648504950978
0.24742135121196493,0.993601462522852,0.023750969892985273
0.2475502836513667,0.993601462522852,0.023750664540138224
0.2478081485301702,0.993601462522852,0.02363444071170835
0.2478081485301702,0.9945155393053017,0.023623330074942977
0.2490974729241877,0.9945155393053017,0.023274642024642026
0.24922640536358948,0.9945155393053017,0.023243464052287582
0.254706034038164,0.9945155393053017,0.022335668717247667
0.25483496647756576,0.9945155393053017,0.022330447330447332
0.25573749355337805,0.9945155393053017,0.022230802230802232
0.25586642599277976,0.9945155393053017,0.022227443609022554
0.26025012893243943,0.9945155393053017,0.0216461366181411
0.26037906137184114,0.9945155393053017,0.021646136618141097
0.26044352759154205,0.9945155393053017,0.02164224664224664
0.2605724600309438,0.9945155393053017,0.02164122427280322
0.26063692625064466,0.9945155393053017,0.02163678712591756
0.2607658586900464,0.9945155393053017,0.02161796536796537
0.26424703455389376,0.9945155393053017,0.02108457019171305
0.2644404332129964,0.9945155393053017,0.02108187134502924
0.2648916967509025,0.9945155393053017,0.021011904761904763
0.26514956162970604,0.9945155393053017,0.021002506265664158
0.2652140278494069,0.9945155393053017,0.0209853638425067
0.2654074265085095,0.9945155393053017,0.02098336304218657
0.2655363589479113,0.9945155393053017,0.020977443609022556
0.26605208870551833,0.9945155393053017,0.02090460264373308
0.2663099535843218,0.9945155393053017,0.020880825251534632
0.26656781846312533,0.9945155393053017,0.02085839598997494
0.2666967509025271,0.9945155393053017,0.020843776106934005
0.2670835482207323,0.9945155393053017,0.0208187134502924
0.2672124806601341,0.9945155393053017,0.020818713450292396
0.2686307374935534,0.9945155393053017,0.020588427590715924
0.26875966993295514,0.9945155393053017,0.020557359307359305
0.2690820010314595,0.9945155393053017,0.020542903151598804
0.2692109334708613,0.9945155393053017,0.02054093567251462
0.26933986591026304,0.9945155393053017,0.02053451923492077
0.26946879834966475,0.9945155393053017,0.020522898154477102
0.27114492006188756,0.9945155393053017,0.02020195518365048
0.2712738525012893,0.9945155393053017,0.020189712248535777
0.27172511603919547,0.9945155393053017,0.02004655566953366
0.27185404847859723,0.9945155393053017,0.02003359814630917
0.2726921093347086,0.9945155393053017,0.0198187134502924
0.2728210417741104,0.9945155393053017,0.019808612440191387
0.27694687983496646,0.9945155393053017,0.0183322688240721
0.2770758122743682,0.9945155393053017,0.01832729468599034
0.2775915420319752,0.9945155393053017,0.018199743665582174
0.277720474471377,0.9945155393053017,0.01819295900178253
0.2795899948427024,0.9945155393053017,0.017817270448849398
0.2797189272821042,0.9945155393053017,0.017805555555555557
0.2801057246003094,0.9945155393053017,0.01777043088924277
0.2802991232594121,0.9945155393053017,0.017763157894736845
0.2804925219185147,0.9945155393053017,0.017732185072610603
0.28062145435791647,0.9945155393053017,0.01771908763505402
0.28171738009283137,0.9945155393053017,0.01758452517946189
0.28184631253223313,0.9945155393053017,0.0175737639553429
0.28261990716864366,0.9945155393053017,0.017474624759963944
0.28274883960804537,0.9945155393053017,0.01746351766513057
0.28384476534296027,0.9945155393053017,0.017335229966808915
0.28397369778236203,0.9945155393053017,0.017330447330447328
0.28448942753996903,0.9945155393053017,0.017264957264957265
0.2846183599793708,0.9945155393053017,0.01722896986054881
0.2851985559566787,0.9945155393053017,0.017173202614379088
0.28532748839608046,0.9945155393053017,0.01716791979949875
0.2855208870551831,0.9945155393053017,0.017152209492635025
0.28564981949458484,0.9945155393053017,0.01715219421101774
0.286616812790098,0.9945155393053017,0.017038266401706227
0.2868102114492006,0.9945155393053017,0.017027863777089786
0.28706807632800413,0.9945155393053017,0.017004801920768305
0.2871970087674059,0.9945155393053017,0.016993464052287584
0.2879706034038164,0.9945155393053017,0.016883116883116882
0.2882929345023208,0.9945155393053017,0.01687931951089846
0.2893888602372357,0.9945155393053017,0.016771488469601678
0.28951779267663746,0.9945155393053017,0.016764705882352942
0.28977565755544094,0.9945155393053017,0.016701066391468868
0.28996905621454355,0.9945155393053017,0.016700439040864573
0.2900979886539453,0.9945155393053017,0.01667800453514739
0.2902269210933471,0.9945155393053017,0.016675246675246676
0.29035585353274884,0.9945155393053017,0.016666666666666666
0.29061371841155237,0.9945155393053017,0.01664876476906552
0.2907426508509541,0.9945155393053017,0.016646136618141096
0.29145177926766375,0.9945155393053017,0.016570512820512823
0.2915807117070655,0.9945155393053017,0.016567460317460318
0.2919030428055699,0.9945155393053017,0.01655262300423591
0.29203197524497165,0.9945155393053017,0.016550916241318717
0.29222537390407427,0.9945155393053017,0.01653299916457811
0.2922898401237751,0.9945155393053017,0.016526610644257703
0.2924187725631769,0.9945155393053017,0.0165257048092869
0.29306343476018565,0.9945155393053017,0.01647130647130647
0.2935146982980918,0.9945155393053017,0.016437908496732028
0.2937080969571944,0.9945155393053017,0.016408668730650156
0.29383702939659617,0.9945155393053017,0.01640804138004586
0.2939014956162971,0.9945155393053017,0.01640782717894101
0.2940304280556988,0.9945155393053017,0.01638560687432868
0.29422382671480146,0.9945155393053017,0.016378066378066377
0.2942882929345023,0.9945155393053017,0.016374269005847954
0.2942882929345023,0.9954296160877514,0.0163607188703466
0.2944172253739041,0.9954296160877514,0.016352628007724825
0.2946106240330067,0.9954296160877514,0.016351010101010102
0.29473955647240846,0.9954296160877514,0.016344138042251252
0.2949329551315111,0.9954296160877514,0.016323763955342904
0.2951908200103146,0.9954296160877514,0.01629901960784314
0.29531975244971637,0.9954296160877514,0.016289759146902005
0.29544868488911813,0.9954296160877514,0.016275062656641606
0.2960933470861269,0.9954296160877514,0.016227272727272726
0.2962222795255286,0.9954296160877514,0.016224118855697803
0.2964801444043321,0.9954296160877514,0.016208612440191388
0.29667354306343474,0.9954296160877514,0.01619981325863679
0.2969958741619391,0.9954296160877514,0.016156157949207862
0.2971248066013409,0.9954296160877514,0.016147511636233444
0.2971892728210418,0.9954296160877514,0.01614751163623344
0.29744713769984527,0.9954296160877514,0.016145510835913313
0.2977050025786488,0.9954296160877514,0.016122448979591836
0.29783393501805056,0.9954296160877514,0.016111111111111114
0.2982851985559567,0.9954296160877514,0.01608217869087434
0.2986075296544611,0.9954296160877514,0.016081871345029242
0.29867199587416193,0.9954296160877514,0.01606060606060606
0.2988009283135637,0.9954296160877514,0.016058612440191387
0.2990587931923672,0.9954296160877514,0.016031746031746032
0.2993166580711707,0.9954296160877514,0.016011904761904762
0.2998968540484786,0.9954296160877514,0.015917169152649954
0.30002578648788036,0.9954296160877514,0.015907415597818074
0.3000902527075812,0.9954296160877514,0.015898111550285463
0.300219185146983,0.9954296160877514,0.01588235294117647
0.3006704486848891,0.9954296160877514,0.015822510822510825
0.30086384734399174,0.9954296160877514,0.0158187134502924
0.30105724600309436,0.9954296160877514,0.015789473684210523
0.3011861784424961,0.9954296160877514,0.015782828282828284
0.3015729757607014,0.9954296160877514,0.015739348370927317
0.3017019082001031,0.9954296160877514,0.01573929279962656
0.3026044352759154,0.9954296160877514,0.015591212330342765
0.3029267663744198,0.9954296160877514,0.01558061821219716
0.30312016503352246,0.9954296160877514,0.015546612080630053
0.30337802991232593,0.9954296160877514,0.015522898154477103
0.3038292934502321,0.9954296160877514,0.015478595478595479
0.3040226921093347,0.9954296160877514,0.015476190476190477
0.3042805569881382,0.9954296160877514,0.015467517206647642
0.30440948942754,0.9954296160877514,0.015458937198067634
0.3048607529654461,0.9954296160877514,0.015391363022941971
0.30505415162454874,0.9954296160877514,0.015364167995746941
0.3051830840639505,0.9954296160877514,0.015325269695979079
0.30524755028365136,0.9954296160877514,0.015320512820512822
0.305440948942754,0.9954296160877514,0.01531746031746032
0.3055054151624549,0.9954296160877514,0.015312177502579977
0.30563434760185665,0.9954296160877514,0.015308787047917483
0.30576328004125836,0.9954296160877514,0.015303537042667476
0.3058922124806601,0.9954296160877514,0.015288220551378445
0.30595667870036103,0.9954296160877514,0.01527750856109065
0.30608561113976274,0.9954296160877514,0.015269841269841268
0.30615007735946365,0.9954296160877514,0.015264995239606474
0.30634347601856626,0.9954296160877514,0.015263157894736843
0.3065368746776689,0.9954296160877514,0.015238095238095238
0.30666580711707064,0.9954296160877514,0.015214017845596792
0.306988138215575,0.9954296160877514,0.015167310167310166
0.3071170706549768,0.9954296160877514,0.01516653953724892
0.3073104693140794,0.9954296160877514,0.015109730848861282
0.30743940175348117,0.9954296160877514,0.015101010101010101
0.3076972666322847,0.9954296160877514,0.015084586466165414
0.30782619907168646,0.9954296160877514,0.01507936507936508
0.3078906652913873,0.9954296160877514,0.015079065079065078
0.3080195977307891,0.9954296160877514,0.015071770334928231
0.30808406395048993,0.9954296160877514,0.015062111801242239
0.3082774626095926,0.9954296160877514,0.015062111801242235
0.3084708612686952,0.9954296160877514,0.015026617526617528
0.3087287261474987,0.9954296160877514,0.015025062656641606
0.30885765858690045,0.9954296160877514,0.015009337068160598
0.309115523465704,0.9954296160877514,0.015
0.30924445590510574,0.9954296160877514,0.014985380116959063
0.3093089221248066,0.9954296160877514,0.014973262032085563
0.30943785456420836,0.9954296160877514,0.01497326203208556
0.31085611139762764,0.9954296160877514,0.01476449275362319
0.3109850438370294,0.9954296160877514,0.014761904761904763
0.3115007735946364,0.9954296160877514,0.014572072072072072
0.31175863847343993,0.9954296160877514,0.014545454545454544
0.31195203713254255,0.9954296160877514,0.014523809523809526
0.3120809695719443,0.9954296160877514,0.014514717146296091
0.3122099020113461,0.9954296160877514,0.014484126984126986
0.31246776689014955,0.9954296160877514,0.014427807486631016
0.3126611655492522,0.9954296160877514,0.0144017094017094
0.31285456420835484,0.9954296160877514,0.014347826086956523
0.31304796286745745,0.9954296160877514,0.014307359307359307
0.3131768953068592,0.9954296160877514,0.0142512077294686
0.313305827746261,0.9954296160877514,0.014191729323308273
0.31337029396596183,0.9954296160877514,0.014163614163614164
0.3134992264053636,0.9954296160877514,0.014156438527147909
0.3136926250644662,0.9954296160877514,0.014109730848861286
0.313821557503868,0.9954296160877514,0.014109311740890688
0.31395048994326974,0.9954296160877514,0.014101010101010102
0.31414388860237236,0.9954296160877514,0.014090909090909088
0.3142728210417741,0.9954296160877514,0.014062111801242236
0.3145951521402785,0.9954296160877514,0.013966861598440546
0.31472408457968026,0.9954296160877514,0.013871635610766046
0.31594894275399693,0.9954296160877514,0.012828947368421053
0.3162068076328004,0.9954296160877514,0.012771739130434782
0.316400206291903,0.9954296160877514,0.012712121212121211
0.3165291387313048,0.9954296160877514,0.012701612903225806
0.31685146982980916,0.9954296160877514,0.01260377358490566
0.3171093347086127,0.9954296160877514,0.012579113924050632
0.3173671995874162,0.9954296160877514,0.012532705389848247
0.3174961320268179,0.9954296160877514,0.012512218963831867
0.31756059824651883,0.9954296160877514,0.012505427702996093
0.3176895306859206,0.9954296160877514,0.0125
0.3178829293450232,0.9954296160877514,0.012445887445887448
0.31807632800412583,0.9954296160877514,0.012443584784010316
0.3182052604435276,0.9954296160877514,0.012404092071611252
0.31833419288292936,0.9954296160877514,0.012389719984656692
0.3183986591026302,0.9954296160877514,0.012380952380952381
0.31865652398143374,0.9954296160877514,0.012372448979591836
0.31884992264053635,0.9954296160877514,0.012329113924050634
0.31917225373904073,0.9954296160877514,0.012310606060606062
0.31943011861784426,0.9954296160877514,0.0122334455667789
0.319559051057246,0.9954296160877514,0.01223155929038282
0.3196235172769469,0.9954296160877514,0.012222222222222223
0.3198169159360495,0.9954296160877514,0.012214452214452214
0.32001031459515217,0.9954296160877514,0.012173202614379087
0.3201392470345539,0.9954296160877514,0.01217283950617284
0.3203971119133574,0.9954296160877514,0.012132867132867133
0.32078390923156264,0.9954296160877514,0.01213235294117647
0.32104177411036616,0.9954296160877514,0.012121212121212121
0.32136410520887054,0.9954296160877514,0.01209259823332318
0.32162197008767407,0.9954296160877514,0.01206060606060606
0.32194430118617845,0.9954296160877514,0.012
0.3220732336255802,0.9954296160877514,0.011977573904179408
0.32213769984528107,0.9954296160877514,0.011976284584980238
0.3225889633831872,0.9954296160877514,0.011964285714285715
0.3231691593604951,0.9954296160877514,0.011942959001782532
0.32355595667870035,0.9954296160877514,0.011906158357771262
0.3236848891181021,0.9954296160877514,0.011904761904761904
0.3238138215575039,0.9954296160877514,0.011874728142670727
0.32394275399690564,0.9954296160877514,0.011868131868131867
0.32413615265600826,0.9954296160877514,0.01182053494391717
0.32465188241361526,0.9954296160877514,0.011805555555555557
0.3248452810727179,0.9954296160877514,0.011784897025171626
0.32497421351211964,0.9954296160877514,0.011774891774891775
0.32503867973182055,0.9954296160877514,0.01176923076923077
0.32574780814853016,0.9954296160877514,0.011764705882352941
0.3259412068076328,0.9954296160877514,0.011756664388243335
0.32613460546673545,0.9954296160877514,0.011720983419096628
0.32632800412583807,0.9954296160877514,0.011714770797962648
0.3265214027849407,0.9954296160877514,0.011684434968017058
0.3267792676637442,0.9954296160877514,0.011678004535147392
0.3269726663228468,0.9954296160877514,0.011673414304993251
0.3271015987622486,0.9954296160877514,0.011655405405405406
0.32716606498194944,0.9954296160877514,0.01165158371040724
0.32735946364105206,0.9954296160877514,0.011646136618141097
0.3280041258380609,0.9954296160877514,0.011616161616161616
0.32826199071686435,0.9954296160877514,0.01161236424394319
0.32832645693656526,0.9954296160877514,0.011611570247933885
0.32858432181536873,0.9954296160877514,0.011596638655462186
0.32884218669417226,0.9954296160877514,0.011560953666216824
0.3291000515729758,0.9954296160877514,0.011555555555555557
0.3292289840123775,0.9954296160877514,0.011542056074766355
0.32942238267148016,0.9954296160877514,0.011527854384997243
0.32955131511088187,0.9954296160877514,0.011515151515151515
0.3301959773078907,0.9954296160877514,0.011513157894736841
0.33045384218669416,0.9954296160877514,0.011483516483516485
0.3307117070654977,0.9954296160877514,0.011466011466011465
0.33154976792160906,0.9954296160877514,0.011437908496732027
0.33161423414130997,0.9954296160877514,0.01143599740090968
0.3318076328004126,0.9954296160877514,0.011428571428571429
0.3320654976792161,0.9954296160877514,0.011417004048582997
0.33212996389891697,0.9954296160877514,0.011410256410256411
0.33264569365652397,0.9954296160877514,0.011382978723404257
0.3329035585353275,0.9954296160877514,0.011329113924050633
0.33303249097472926,0.9954296160877514,0.011324786324786326
0.333677153171738,0.9954296160877514,0.011323763955342903
0.33406395048994325,0.9954296160877514,0.01128725428027901
0.33496647756575554,0.9954296160877514,0.01126984126984127
0.33515987622485816,0.9954296160877514,0.011250654107796965
0.3356111397627643,0.9954296160877514,0.01125
0.3358045384218669,0.9954296160877514,0.011233307148468187
0.3359334708612687,0.9954296160877514,0.011227255129694153
0.33606240330067044,0.9954296160877514,0.011215932914046123
0.3363847343991748,0.9954296160877514,0.011161904761904762
0.33657813305827744,0.9954296160877514,0.011153846153846155
0.3374806601340897,0.9954296160877514,0.011145510835913313
0.3376095925734915,0.9954296160877514,0.011144883485309018
0.3378029912325941,0.9954296160877514,0.01112820512820513
0.337867457452295,0.9954296160877514,0.011124401913875598
0.33806085611139763,0.9954296160877514,0.011122448979591837
0.338383187209902,0.9954296160877514,0.011119691119691119
0.3394791129448169,0.9954296160877514,0.011111111111111112
0.33967251160391954,0.9954296160877514,0.01111111111111111
0.33973697782362045,0.9954296160877514,0.011067193675889328
0.3403816400206292,0.9954296160877514,0.01106060606060606
0.3407039711191336,0.9954296160877514,0.011020274689339438
0.3410907684373388,0.9954296160877514,0.011011904761904763
0.34115523465703973,0.9954296160877514,0.011010558069381598
0.34134863331614235,0.9954296160877514,0.01101010101010101
0.3414130995358432,0.9954296160877514,0.011000497760079643
0.3416064981949459,0.9954296160877514,0.011
0.3416709644146467,0.9954296160877514,0.01099706744868035
0.34205776173285196,0.9954296160877514,0.010977443609022556
0.3423156266116555,0.9954296160877514,0.010938654841093864
0.342573491490459,0.9954296160877514,0.010923535253227408
0.3427024239298608,0.9954296160877514,0.010894660894660894
0.343089221248066,0.9954296160877514,0.0108843537414966
0.343604951005673,0.9954296160877514,0.01088235294117647
0.3436694172253739,0.9954296160877514,0.010878048780487806
0.3437983496647757,0.9954296160877514,0.010874568469505179
0.3439272821041774,0.9954296160877514,0.010842490842490842
0.3445719443011862,0.9954296160877514,0.010822510822510822
0.34695719443011863,0.9954296160877514,0.010818713450292398
0.3470861268695204,0.9954296160877514,0.010799438990182328
0.3476018566271274,0.9954296160877514,0.010795454545454544
0.34773078906652916,0.9954296160877514,0.01077639751552795
0.34779525528623,0.9954296160877514,0.010769844435580374
0.3479886539453326,0.9954296160877514,0.010769230769230769
0.34824651882413615,0.9954296160877514,0.010761904761904762
0.348310985043837,0.9954296160877514,0.010760401721664275
0.34856884992264053,0.9954296160877514,0.010717703349282296
0.3494069107787519,0.9954296160877514,0.010714285714285714
0.3494713769984528,0.9954296160877514,0.01069703243616287
0.34985817431665805,0.9954296160877514,0.010668563300142247
0.3499871067560598,0.9954296160877514,0.010667903525046383
0.3506317689530686,0.9954296160877514,0.010644257703081233
0.35076070139247034,0.9954296160877514,0.010643015521064302
0.3508251676121712,0.9954296160877514,0.0106203007518797
0.35101856627127387,0.9954296160877514,0.010606060606060605
0.35114749871067563,0.9954296160877514,0.010597826086956521
0.3528880866425993,0.9954296160877514,0.010555555555555556
0.353017019082001,0.9954296160877514,0.010533610533610535
0.3532104177411037,0.9954296160877514,0.010531135531135532
0.35424187725631767,0.9954296160877514,0.010526315789473684
0.35443527591542034,0.9954296160877514,0.010501672240802677
0.35462867457452296,0.9954296160877514,0.010476190476190476
0.3547576070139247,0.9954296160877514,0.01047027506654836
0.35495100567302734,0.9954296160877514,0.01043360433604336
0.3552733367715317,0.9954296160877514,0.010427807486631014
0.3554022692109335,0.9954296160877514,0.010416666666666666
0.35572460030943787,0.9954296160877514,0.01040843214756258
0.3559179989685405,0.9954296160877514,0.010405405405405407
0.35604693140794225,0.9954296160877514,0.010391363022941972
0.356175863847344,0.9954296160877514,0.010320512820512821
0.3570139247034554,0.9954296160877514,0.010317460317460317
0.35707839092315624,0.9954296160877514,0.010314685314685313
0.3588834450747808,0.9954296160877514,0.010263157894736842
0.35933470861268696,0.9954296160877514,0.010259740259740259
0.3593991748323878,0.9954296160877514,0.01025
0.3597859721505931,0.9954296160877514,0.010230179028132991
0.35985043837029396,0.9954296160877514,0.010227272727272727
0.36036616812790095,0.9954296160877514,0.010167310167310168
0.36043063434760186,0.9954296160877514,0.010161943319838057
0.3605595667870036,0.9954296160877514,0.010128205128205128
0.36126869520371324,0.9954296160877514,0.0101010101010101
0.3617199587416194,0.9954296160877514,0.010062111801242234
0.3619778236204229,0.9954296160877514,0.010049019607843136
0.36384734399174834,0.9954296160877514,0.010025062656641603
0.3644275399690562,0.9954296160877514,0.01
0.3646854048478597,0.9954296160877514,0.009950859950859951
0.3648143372872615,0.9954296160877514,0.009935897435897435
0.36487880350696233,0.9954296160877514,0.009906759906759906
0.36513666838576586,0.9954296160877514,0.009903381642512078
0.3652011346054667,0.9954296160877514,0.00989010989010989
0.3653300670448685,0.9954296160877514,0.00988235294117647
0.365587931923672,0.9954296160877514,0.009880952380952381
0.3658457968024755,0.9954296160877514,0.00981630309988519
0.3673929860752965,0.9954296160877514,0.009761904761904763
0.3675219185146983,0.9954296160877514,0.009753231492361927
0.3675863847343992,0.9954296160877514,0.009728506787330317
0.3683599793708097,0.9954296160877514,0.009722222222222222
0.3686178442496132,0.9954296160877514,0.009615384615384616
0.3694559051057246,0.9954296160877514,0.009610983981693364
0.3697137699845281,0.9954296160877514,0.009555555555555555
0.37035843218153686,0.9954296160877514,0.009545454545454544
0.3708741619391439,0.9954296160877514,0.009523809523809525
0.3710030943785456,0.9954296160877514,0.009476031215161652
0.37151882413615267,0.9954296160877514,0.009429824561403509
0.3715832903558535,0.9954296160877514,0.009423503325942351
0.3717122227952553,0.9954296160877514,0.009401709401709401
0.3722279525528623,0.9954296160877514,0.009347826086956522
0.37287261474987105,0.9954296160877514,0.009307359307359308
0.3733883445074781,0.9954296160877514,0.009166666666666667
0.37345281072717895,0.9954296160877514,0.009158249158249159
0.37383960804538424,0.9954296160877514,0.009109730848861283
0.37435533780299124,0.9954296160877514,0.009000000000000001
0.37454873646209386,0.9954296160877514,0.00892857142857143
0.3748066013408974,0.9954296160877514,0.008893280632411068
0.375,0.9954296160877514,0.008846153846153846
0.37512893243940176,0.9954296160877514,0.008834586466165414
0.3751933986591026,0.9954296160877514,0.00878136200716846
0.37545126353790614,0.9954296160877514,0.008761904761904762
0.375515729757607,0.9954296160877514,0.008712121212121211
0.37564466219700876,0.9954296160877514,0.008703703703703703
0.3758380608561114,0.9954296160877514,0.008695652173913044
0.37596699329551314,0.9954296160877514,0.008514492753623188
0.3760959257349149,0.9954296160877514,0.008465608465608464
0.37616039195461576,0.9954296160877514,0.008391608391608392
0.3764182568334193,0.9954296160877514,0.008333333333333333
0.37648272305312014,0.9954296160877514,0.008051529790660227
0.3766116554925219,0.9954296160877514,0.008012820512820512
0.37674058793192367,0.9954296160877514,0.007796101949025488
0.37674058793192367,0.9963436928702011,0.006666666666666667
0.37686952037132543,0.9963436928702011,0.006617647058823529
0.3769339865910263,0.9963436928702011,0.006611570247933884
0.37706291903042805,0.9963436928702011,0.006603773584905661
0.37757864878803504,0.9963436928702011,0.006578947368421052
0.37783651366683857,0.9963436928702011,0.006557377049180328
0.3780943785456421,0.9963436928702011,0.0065420560747663555
0.37848117586384733,0.9963436928702011,0.006521739130434783
0.37867457452294995,0.9963436928702011,0.0065040650406504065
0.379190304280557,0.9963436928702011,0.006493506493506493
0.3793837029396596,0.9963436928702011,0.006481481481481481
0.38035069623517276,0.9963436928702011,0.0064516129032258064
0.3806085611139763,0.9963436928702011,0.006428571428571428
0.38093089221248067,0.9963436928702011,0.00641025641025641
0.3809953584321815,0.9963436928702011,0.0063999999999999994
0.38234914904589995,0.9963436928702011,0.006382978723404256
0.3831872099020113,0.9963436928702011,0.006349206349206349
0.38363847343991747,0.9963436928702011,0.006329113924050633
0.38376740587931923,0.9963436928702011,0.00631578947368421
0.3882155750386797,0.9963436928702011,0.00625
0.38834450747808147,0.9963436928702011,0.006185567010309279
0.38873130479628676,0.9963436928702011,0.006172839506172839
0.38956936565239814,0.9963436928702011,0.006153846153846154
0.3922124806601341,0.9963436928702011,0.006122448979591837
0.39234141309953585,0.9963436928702011,0.00608695652173913
0.3987880350696235,0.9963436928702011,0.006060606060606061
0.39885250128932437,0.9963436928702011,0.006024096385542169
0.40123775141825685,0.9963436928702011,0.006
0.4020758122743682,0.9963436928702011,0.005970149253731343
0.4021402784940691,0.9963436928702011,0.005952380952380953
0.4092960288808664,0.9963436928702011,0.0058823529411764705
0.4093604951005673,0.9963436928702011,0.005797101449275362
0.4101985559566787,0.9963436928702011,0.0057692307692307696
0.4165162454873646,0.9963436928702011,0.005714285714285714
0.41716090768437336,0.9963436928702011,0.0056603773584905665
0.4172898401237751,0.9963436928702011,0.005633802816901409
0.4287648272305312,0.9963436928702011,0.005555555555555556
0.42940948942754,0.9963436928702011,0.005454545454545455
0.4323104693140794,0.9963436928702011,0.005405405405405406
0.44752449716348636,0.9963436928702011,0.005263157894736842
0.447717895822589,0.9963436928702011,0.005172413793103448
0.44874935533780297,0.9963436928702011,0.005128205128205128
0.4609334708612687,0.9963436928702011,0.005
0.4617070654976792,0.9963436928702011,0.004878048780487805
0.4709257349149046,0.9963436928702011,0.004761904761904762
0.4709902011346055,0.9963436928702011,0.004651162790697674
0.4776946879834966,0.9963436928702011,0.004545454545454545
0.4833032490974729,0.9963436928702011,0.004347826086956522
0.48704228984012377,0.9963436928702011,0.004166666666666667
0.48884734399174834,0.9963436928702011,0.004
0.4905234657039711,0.9963436928702011,0.003846153846153846
0.4909102630221764,0.9963436928702011,0.003703703703703704
0.49136152656008253,0.9963436928702011,0.0035714285714285713
0.4918772563176895,0.9963436928702011,0.003448275862068966
0.4919417225373904,0.9963436928702011,0.0032258064516129032
0.49207065497679214,0.9963436928702011,0.003125
1.0,1.0,0.0
